ВРЕМЯ	s	2015.7
ЖИЗНЬ	s	1389.8
СЛОВО	s	967.9
МЕСТО	s	926.6
НИЧТО	spro	902.8
КОНЕЦ	s	634.7
ЧАСТЬ	s	585.4
ГОРОД	s	573.4
НИКТО	spro	562.2
ЗЕМЛЯ	s	494.4
МНОГО	num	480.0
ПРАВО	s	461.4
ДВЕРЬ	s	450.8
ОБРАЗ	s	445.9
ЗАКОН	s	433.4
ВОЙНА	s	425.9
ГОЛОС	s	424.5
КНИГА	s	413.9
ЧИСЛО	s	393.5
НАРОД	s	385.6
ФОРМА	s	347.8
СВЯЗЬ	s	346.1
УЛИЦА	s	337.8
ВЕЧЕР	s	335.4
МЫСЛЬ	s	331.6
МЕСЯЦ	s	328.0
ШКОЛА	s	316.0
ТЕАТР	s	305.3
РУБЛЬ	s	296.4
СМЫСЛ	s	294.6
ОРГАН	s	288.4
РЫНОК	s	283.3
СЕМЬЯ	s	276.6
ЦЕНТР	s	265.9
ОТВЕТ	s	263.3
АВТОР	s	262.1
СТЕНА	s	261.0
СОВЕТ	s	245.5
ГЛАВА	s	240.2
НАУКА	s	239.0
ПЛЕЧО	s	236.4
ТОЧКА	s	232.2
ПАЛЕЦ	s	219.1
НОМЕР	s	201.2
МЕТОД	s	197.0
ФИЛЬМ	s	196.8
ГОСТЬ	s	192.7
КРОВЬ	s	187.8
РАЙОН	s	187.8
АРМИЯ	s	186.4
КЛАСС	s	185.8
ГЕРОЙ	s	184.0
СПИНА	s	183.1
БОЛЕЕ	num	179.2
СЦЕНА	s	177.2
ОБЪЕМ	s	165.8
БЕРЕГ	s	164.7
ФИРМА	s	164.4
ЗАВОД	s	164.0
ПЕСНЯ	s	160.1
РОМАН	s	157.7
СТИХИ	s	157.0
ПОВОД	s	151.2
УСПЕХ	s	149.5
ВЫХОД	s	147.0
ТЕКСТ	s	146.2
ПУНКТ	s	144.0
ЛИНИЯ	s	143.7
СРЕДА	s	142.4
ВОЛОС	s	141.8
ВЕТЕР	s	140.3
ОГОНЬ	s	139.8
ГРУДЬ	s	138.8
СТРАХ	s	138.4
СУММА	s	130.6
СФЕРА	s	129.5
МУЖИК	s	124.7
НЕМЕЦ	s	124.1
ВЫБОР	s	122.0
МАССА	s	121.7
ШЕСТЬ	num	120.9
СЛАВА	s	120.2
КУХНЯ	s	120.1
ОТДЕЛ	s	116.2
ТОВАР	s	115.5
АКТЕР	s	114.4
СЛЕЗА	s	114.2
ВЫВОД	s	111.8
НОРМА	s	111.3
РАМКА	s	110.6
ПРИЕМ	s	109.8
РЕЖИМ	s	106.7
ЦЕЛОЕ	s	106.6
ВИРУС	s	106.5
ПОИСК	s	105.0
НАЛОГ	s	104.7
ДОХОД	s	103.6
КАРТА	s	103.0
СОРОК	num	99.5
АКЦИЯ	s	98.5
СОСЕД	s	97.8
ФРАЗА	s	97.8
ТОЛПА	s	96.7
СХЕМА	s	95.9
ВОЛНА	s	95.4
ПТИЦА	s	94.5
ЗАПАХ	s	94.1
ВОДКА	s	93.9
ПОЕЗД	s	93.3
АДРЕС	s	92.7
ЛИДЕР	s	92.2
СТИЛЬ	s	91.4
ВЕСНА	s	91.3
ЭПОХА	s	89.0
ЗАПАД	s	88.9
ТАЙНА	s	88.9
ТРАВА	s	88.7
ФРОНТ	s	87.7
МУЗЕЙ	s	87.0
КНЯЗЬ	s	86.0
СУТКИ	s	85.4
СУДЬЯ	s	85.2
КРЫША	s	85.0
НЕЧТО	spro	84.9
ПОТОК	s	84.8
ЧЕСТЬ	s	84.4
ЕВРЕЙ	s	84.1
СОТНЯ	s	84.0
ДОЖДЬ	s	83.2
ТРУБА	s	82.1
ОСЕНЬ	s	81.8
ПЬЕСА	s	81.1
ЧЕРТА	s	80.0
КУСОК	s	76.8
БИЛЕТ	s	75.4
МАСЛО	s	73.0
ЭКРАН	s	71.9
КАНАЛ	s	71.5
ВАГОН	s	70.9
ДУРАК	s	69.8
СЕЗОН	s	69.2
ЗАПАС	s	67.8
ДЛИНА	s	67.7
КРЫЛО	s	67.6
ОКРУГ	s	67.6
ДОСКА	s	67.1
ПОЛЕТ	s	66.5
ПАКЕТ	s	65.8
ЖИВОТ	s	65.6
СМЕНА	s	65.1
ПОРОГ	s	64.2
БУКВА	s	63.5
ЛОДКА	s	62.9
СЕРИЯ	s	62.8
ШУТКА	s	62.7
КУЛАК	s	62.5
НЕФТЬ	s	62.3
ЦИФРА	s	62.2
САПОГ	s	62.0
ЖИЛЬЕ	s	61.1
МЕШОК	s	61.1
ОТКАЗ	s	60.9
ЗАМОК	s	60.8
ДИВАН	s	60.1
ДОБРО	s	59.0
ПОКОЙ	s	59.0
КОСТЬ	s	58.5
СПОРТ	s	58.5
МАЙОР	s	58.0
ОТДЫХ	s	57.6
РУЧКА	s	57.6
МЕЧТА	s	57.0
СЮЖЕТ	s	56.6
РУБЕЖ	s	56.5
КРЕСТ	s	56.4
ВЗРЫВ	s	56.3
ПОЧВА	s	56.2
ЗАКАЗ	s	56.0
ШТУКА	s	55.9
СУМКА	s	55.5
ХВОСТ	s	55.4
ПЕСОК	s	55.3
ОЗЕРО	s	54.9
СТРОЙ	s	54.8
ДОЧКА	s	54.1
ТАНЕЦ	s	54.1
НАБОР	s	53.5
ГОРЛО	s	53.2
ПЛАТА	s	53.0
СЪЕЗД	s	51.7
КОШКА	s	50.4
ПЯТНО	s	50.1
ТКАНЬ	s	49.9
ВИЗИТ	s	49.8
ОКЕАН	s	49.8
ПАУЗА	s	49.6
СТВОЛ	s	49.5
ТЕПЛО	s	49.4
РАДИО	s	49.3
ЗВЕРЬ	s	49.1
НАЦИЯ	s	49.1
БАНКА	s	49.0
МЕТРО	s	48.9
ОТЧЕТ	s	48.6
ОБМЕН	s	48.5
ТОСКА	s	48.5
ЗАБОР	s	48.3
МОРОЗ	s	48.2
МАРКА	s	48.0
ГРЯЗЬ	s	47.5
СПРОС	s	47.5
МОТОР	s	47.3
СЕВЕР	s	47.0
СКЛАД	s	46.7
МОТИВ	s	46.6
АРЕСТ	s	46.5
ОТРЯД	s	46.2
НУЖДА	s	45.8
СОБОР	s	45.8
САЛОН	s	44.9
КАПЛЯ	s	44.7
ПОЖАР	s	43.8
ХОЛОД	s	43.7
ТЕТКА	s	43.6
ОБИДА	s	43.4
ВКЛАД	s	43.0
ГОНКА	s	42.9
РУКАВ	s	42.9
ТУМАН	s	42.9
ШОФЕР	s	42.9
АТАКА	s	0
ИГРОК	s	42.5
ТОННА	s	42.4
ВОЖДЬ	s	42.2
ОРДЕН	s	42.2
ЮНОША	s	42.1
БАБКА	s	42.0
ВЫЗОВ	s	42.0
ПОЛКА	s	41.9
БРОВЬ	s	41.6
УДАЧА	s	41.3
БЫТИЕ	s	40.9
ШАПКА	s	40.6
ЛОЖКА	s	40.5
БЕЛОК	s	40.3
ГОЛОД	s	40.1
ОХОТА	s	40.1
ДОМИК	s	39.8
ВЕТКА	s	39.7
БАШНЯ	s	39.4
ТАРИФ	s	39.4
АГЕНТ	s	39.2
ГЕНИЙ	s	39.2
САХАР	s	38.1
БЛАГО	s	38.0
СМЕСЬ	s	37.8
РАЗУМ	s	37.6
ПЛИТА	s	37.3
БРЮКИ	s	37.2
МЫШЦА	s	36.9
ПОСОЛ	s	36.6
ПАЧКА	s	36.5
ШОССЕ	s	36.4
ИКОНА	s	36.2
ХАЛАТ	s	36.1
ИДЕАЛ	s	36.0
ЛЕНТА	s	35.9
БОМБА	s	35.8
ШТАММ	s	35.8
УЩЕРБ	s	35.5
АРХИВ	s	35.3
СЫРЬЕ	s	35.0
ШТАНЫ	s	35.0
ПОХОД	s	34.7
МОРДА	s	34.5
ПРОЗА	s	34.4
МАСКА	s	34.3
ОПЕРА	s	34.3
ШЛЯПА	s	34.2
БЕЛЬЕ	s	34.1
ВЕДРО	s	34.1
ЛАМПА	s	34.0
МАЛЫШ	s	33.9
ОБЛИК	s	33.8
КОПИЯ	s	33.7
УГОЛЬ	s	33.5
УСТАВ	s	33.5
СУДНО	s	33.3
ЧАШКА	s	33.3
ЭЛИТА	s	33.1
ВЕТВЬ	s	33.0
ПОЧТА	s	33.0
ПАЛКА	s	32.9
АКТИВ	s	32.7
СТОЛБ	s	32.7
АНГЕЛ	s	32.4
ШТРАФ	s	32.3
ОТЕЛЬ	s	32.0
МЫШКА	s	31.9
НОЖКА	s	31.9
СТАТЬ	s	31.8
СВЕЧА	s	31.6
БЛЮДО	s	31.3
ГРАНЬ	s	31.3
СКАЛА	s	30.7
ТАКСИ	s	30.6
ЗЕРНО	s	30.3
СОСНА	s	30.1
ФОРУМ	s	30.1
БЛЕСК	s	29.7
ПАПКА	s	29.7
СТЕПЬ	s	29.6
КОВЕР	s	29.5
ПЛАМЯ	s	29.5
ТРЕТЬ	s	29.4
ПЕВЕЦ	s	28.4
РУЖЬЕ	s	28.3
РЕЧКА	s	28.2
ФИНАЛ	s	28.1
НЕДРА	s	27.9
ДЕВКА	s	27.8
ЗНАМЯ	s	27.8
РЮМКА	s	27.7
ИСХОД	s	27.6
ОБЩЕЕ	s	27.6
ЗВЕНО	s	27.4
ГРИПП	s	27.3
ПЕЧКА	s	27.0
ШЕПОТ	s	27.0
ПИЛОТ	s	26.9
ПЛОТЬ	s	26.9
САМЕЦ	s	26.8
ЧЕРЕП	s	26.8
БОЧКА	s	26.6
ГАРАЖ	s	26.6
СОСУД	s	26.4
ПОЭМА	s	26.3
СКЛОН	s	26.3
ЛАВКА	s	26.2
БОКАЛ	s	26.1
КИСТЬ	s	26.1
ИДИОТ	s	26.0
КОЙКА	s	26.0
ЯКОРЬ	s	25.9
ДРОВА	s	25.8
ВОРОТ	s	25.7
ОПОРА	s	25.7
УЧЕБА	s	25.7
ТОПОР	s	25.5
ФИЗИК	s	25.5
БАРОН	s	25.4
БАРАК	s	25.3
КУКЛА	s	25.3
ЖЕНИХ	s	25.2
НОСОК	s	25.2
ОБУВЬ	s	25.0
НАМЕК	s	24.9
КОТЕЛ	s	24.8
ПРИНЦ	s	24.8
ПУШКА	s	24.6
БЕДРО	s	24.3
ПОРЫВ	s	24.1
СЕТКА	s	24.1
САРАЙ	s	23.9
ОПРОС	s	23.8
СТАРТ	s	23.7
ШКУРА	s	23.7
ДРАКА	s	23.6
ПРОБА	s	23.5
КАЗАК	s	23.4
МУСОР	s	23.4
МОРЯК	s	23.2
САМКА	s	23.2
ТУФЛЯ	s	23.2
ХИМИЯ	s	23.2
МАДАМ	s	23.1
ПЛЕМЯ	s	23.1
КУБОК	s	23.0
ЯГОДА	s	22.9
БИТВА	s	22.8
МОНАХ	s	22.8
ГРАММ	s	22.7
ДЫРКА	s	22.7
ПОБЕГ	s	22.7
БАЗАР	s	22.6
ДРАМА	s	22.6
ОТБОР	s	22.4
СПИРТ	s	22.2
КУЗОВ	s	22.1
ВАННА	s	22.0
КАНОН	s	21.9
РЫБАК	s	21.9
РЕБРО	s	21.7
ФРУКТ	s	21.6
ВДОВА	s	21.5
БАЛЕТ	s	21.4
ВЕСТЬ	s	21.4
КАЗНЬ	s	21.4
НАВЫК	s	21.3
ПЕНИЕ	s	21.3
РУЧЕЙ	s	21.3
ВЗВОД	s	21.1
КАССА	s	20.9
ЩЕНОК	s	20.9
ВЗДОХ	s	20.8
ЮРИСТ	s	20.8
ШАХТА	s	20.7
БУКЕТ	s	20.5
ТИРАЖ	s	20.5
ШПИОН	s	20.5
ЖИЛЕЦ	s	20.4
ТЕЗИС	s	20.4
ЗАЛОГ	s	20.3
СТРУЯ	s	20.3
ОЧЕРК	s	20.1
БУФЕТ	s	20.0
ЖАЖДА	s	20.0
СДАЧА	s	20.0
ОВОЩИ	s	19.9
НИТКА	s	19.7
РОЯЛЬ	s	19.7
ПАЦАН	s	19.6
СУЕТА	s	19.6
КОЗЕЛ	s	19.5
НАРЯД	s	19.5
ТАЙГА	s	19.5
ПЕТЛЯ	s	19.4
ПЛАСТ	s	19.2
ОБМАН	s	19.1
ШАРИК	s	19.0
РЫЧАГ	s	18.9
ЗЛОБА	s	18.8
ПЕСНЬ	s	18.7
СТАДО	s	18.6
ГЛИНА	s	18.4
ВЫЕЗД	s	18.3
ЗАКАТ	s	18.3
ВИСОК	s	18.0
ОБЗОР	s	18.0
ЗАВЕТ	s	17.9
ИСКРА	s	17.9
ПОГОН	s	17.9
ВЗНОС	s	17.8
СЛУГА	s	17.8
КРЫСА	s	17.7
КУЛЬТ	s	17.7
СЫНОК	s	17.7
ДОВОД	s	17.6
СПУСК	s	17.6
ЧАЙКА	s	17.6
ГРУНТ	s	17.5
ОБЫСК	s	17.5
ЗАРЯД	s	17.2
КУПОЛ	s	17.2
ОТЗЫВ	s	17.2
ПОЗОР	s	17.1
ВОПЛЬ	s	17.0
КАТЕР	s	17.0
ЦЫГАН	s	16.9
АЛМАЗ	s	16.7
МИНУС	s	16.7
ОБРЯД	s	16.7
ПОЛЯК	s	16.7
ТУПИК	s	16.7
ТРОПА	s	16.6
РЕЛЬС	s	16.5
ДИЛЕР	s	16.4
ФЕРМА	s	16.4
ГОРКА	s	16.3
ПИРОГ	s	16.3
СТАЛЬ	s	16.3
ТАБАК	s	16.3
ПОЧКА	s	16.2
ТВАРЬ	s	16.2
ЗАЛИВ	s	16.1
ИСПУГ	s	16.1
АЛЛЕЯ	s	16.0
ВИЛКА	s	16.0
ПЕТУХ	s	16.0
ФОКУС	s	16.0
ПОКАЗ	s	15.9
ОВРАГ	s	15.8
ГРОЗА	s	15.7
ПОЛЮС	s	15.7
РУСЛО	s	15.7
БУДКА	s	15.6
ОЛЕНЬ	s	15.6
РУБКА	s	15.5
РЫБКА	s	15.5
ТРУСЫ	s	15.5
САЛАТ	s	15.4
БАНДА	s	15.3
БОРЕЦ	s	15.3
ОБРЫВ	s	15.3
ХОХОТ	s	15.3
КОМАР	s	15.2
МАЙКА	s	15.2
ПАРУС	s	15.2
ПЕРЕЦ	s	15.2
ПИРАТ	s	15.2
СТЕНД	s	15.2
ИСЛАМ	s	15.1
УПРЕК	s	15.0
ХУТОР	s	14.9
БИРЖА	s	14.8
ИСТОК	s	14.8
НАЛЕТ	s	14.8
ФАСАД	s	14.7
ИСТЕЦ	s	14.6
ПЫТКА	s	14.6
ТУРОК	s	14.6
ЭТИКА	s	14.3
ВИСКИ	s	14.2
ОБКОМ	s	14.2
ВЛАГА	s	14.1
НОВОЕ	s	14.1
СЕАНС	s	14.1
МЭРИЯ	s	14.0
ПАЛАЧ	s	14.0
КЛОУН	s	13.9
ТРЕСК	s	13.9
БАШКА	s	13.8
СПЛАВ	s	13.8
ССОРА	s	13.8
МЕДИК	s	13.7
НАСОС	s	13.6
СКУКА	s	13.6
ШКАЛА	s	13.6
АРЕНА	s	13.5
ИМИДЖ	s	13.5
ЛАСКА	s	13.5
ТИТУЛ	s	13.5
КИОСК	s	13.4
ПАРТА	s	13.3
ПОВАР	s	13.3
ЗАТЕЯ	s	13.2
ПАРАД	s	13.2
ПУЧОК	s	13.2
ГАЗОН	s	13.1
ПЯТКА	s	13.1
КРОНА	s	13.0
СИНЯК	s	13.0
РЫВОК	s	12.9
ВЗЛЕТ	s	12.8
ПЕПЕЛ	s	12.8
ПОРОК	s	12.8
СЕДЛО	s	12.8
ШТУРМ	s	12.8
ПРОЕМ	s	12.7
ДРОЖЬ	s	12.5
КАЮТА	s	12.5
КИШКА	s	12.5
КУПЕЦ	s	12.5
СДВИГ	s	12.5
ШТОРА	s	12.4
БРЕМЯ	s	12.3
ФЮРЕР	s	12.3
НИЩИЙ	s	12.2
ПАФОС	s	12.2
КЕПКА	s	12.1
МИСКА	s	12.1
БАГАЖ	s	12.0
КОНЕК	s	12.0
МАНЕЖ	s	12.0
МЕСТЬ	s	12.0
ЧУЛОК	s	12.0
ДРЯНЬ	s	11.9
КУМИР	s	11.9
САДИК	s	11.9
СВИСТ	s	11.9
АЗАРТ	s	11.8
ГЕНОМ	s	11.8
ГУДОК	s	11.8
КВОТА	s	11.8
ПАСТЬ	s	11.8
ЛИМОН	s	11.7
СТОПА	s	11.7
БЕЛКА	s	11.6
ОБХОД	s	11.6
РОЛИК	s	11.6
СЛЮНА	s	11.6
ОКЛАД	s	11.4
БЕТОН	s	11.3
КАМИН	s	11.2
ПУЛЬТ	s	11.2
ГАММА	s	11.1
МЕРКА	s	11.1
АФИША	s	11.0
ВАХТА	s	11.0
ГРУДА	s	11.0
РОДНЯ	s	11.0
ДОНОС	s	10.9
ОСОБА	s	10.9
ШОРОХ	s	10.9
ШТАМП	s	10.9
НЕКТО	spro	10.8
БЛАНК	s	10.7
БРЮХО	s	10.7
ГРУША	s	10.6
ДЕМОН	s	10.6
МАГИЯ	s	10.6
СКРИП	s	10.6
ТАЛИЯ	s	10.6
ТЕСТО	s	10.6
ВЫШКА	s	10.5
ЛАРЕК	s	10.5
СКВЕР	s	10.5
ВИЛЛА	s	10.4
ЛАПКА	s	10.4
КУЧКА	s	10.3
ПЧЕЛА	s	10.3
СКУЛА	s	10.3
АБЗАЦ	s	10.2
ПАСХА	s	10.2
ФРАНК	s	10.2
БУГОР	s	10.1
НАПОР	s	10.1
КАЗНА	s	10.0
КОПЬЕ	s	10.0
БАЛКА	s	9.9
ВЕСЛО	s	9.9
ЗАЧЕТ	s	9.9
КУБИК	s	9.9
ЧЕРВЬ	s	9.9
ЩЕТКА	s	9.9
ДОСУГ	s	9.8
ВИХРЬ	s	9.7
ЧУТЬЕ	s	9.7
ВЕНЕЦ	s	9.6
КОСЯК	s	9.6
НЮАНС	s	9.6
ШАШКА	s	9.6
ЧУДАК	s	9.5
ВЪЕЗД	s	9.4
ВЫЛЕТ	s	9.4
ГЛУБЬ	s	9.4
КОРМА	s	9.4
ПУЛЬС	s	9.4
ШИШКА	s	9.4
АКУЛА	s	9.3
ОТСЕК	s	9.3
ПРИЮТ	s	9.3
СВИТА	s	9.3
КРАЖА	s	9.2
ЛИЛИЯ	s	9.2
ФАКЕЛ	s	9.2
ШЛАНГ	s	9.2
АРБУЗ	s	9.1
ВЕНОК	s	9.1
ДИЕТА	s	9.1
КОРКА	s	9.1
ДУЭЛЬ	s	9.0
КАНАТ	s	9.0
РУБИН	s	9.0
БАРАН	s	8.9
ХОЛСТ	s	8.9
КОЛЕЯ	s	8.8
МАФИЯ	s	8.8
РАЦИЯ	s	8.8
БУДНИ	s	8.7
ИЗНОС	s	8.7
КОМОК	s	8.7
РОБОТ	s	8.7
ГРАНТ	s	8.6
АЛЛАХ	s	8.5
ГЛЫБА	s	8.5
ИЗГИБ	s	8.5
РИФМА	s	8.5
ФЛАНГ	s	8.5
ЭСКИЗ	s	8.5
БУХТА	s	8.4
МАНЕР	s	8.4
НУТРО	s	8.4
ТАЧКА	s	8.4
ФИНИШ	s	8.4
ХИМИК	s	8.4
АБОРТ	s	8.3
ВАЛЬС	s	8.2
СОКОЛ	s	8.2
ЧЕРЕД	s	8.2
ЧУКЧА	s	8.2
БРОНЯ	s	8.1
ВОЗНЯ	s	8.1
КАСКА	s	8.1
САЛЮТ	s	8.1
БАРЖА	s	8.0
ДЕБЮТ	s	8.0
ДЕВИЗ	s	8.0
МАКЕТ	s	8.0
ОПЕКА	s	8.0
ПОДОЛ	s	8.0
ПОЧЕТ	s	8.0
ТОЛЩА	s	8.0
ВЫВОЗ	s	7.9
РЕНТА	s	7.9
ЦЕРКА	s	7.9
КАТОК	s	7.8
ОТРЫВ	s	7.8
УКЛОН	s	7.8
ШПРИЦ	s	7.8
ВЕНИК	s	7.7
ЖУЛИК	s	7.7
КОФТА	s	7.7
НЕДУГ	s	7.7
ОСОБЬ	s	7.7
ОТБОЙ	s	7.7
ТЕСТЬ	s	7.7
БОГАЧ	s	7.6
МЯЧИК	s	7.6
НАВОЗ	s	7.6
ОЩУПЬ	s	7.6
СИРОП	s	7.6
ТРЕСТ	s	7.6
БУДДА	s	7.5
ВИДЕО	s	7.5
ВИШНЯ	s	7.5
ДОНОР	s	7.5
ДЫМОК	s	7.5
КАПОТ	s	7.5
СМОЛА	s	7.5
СЫЩИК	s	7.5
БАРИН	s	7.4
ВЫКУП	s	7.4
ЗАХОД	s	7.4
ОТВОД	s	7.4
СОПКА	s	7.4
БАНАН	s	7.3
ЖИТИЕ	s	7.3
ЗЕНИТ	s	7.3
ЛУНКА	s	7.3
МАТКА	s	7.3
ПОСЕВ	s	7.3
УСТЬЕ	s	7.3
КАНУН	s	7.2
МАЛОЕ	s	7.2
НАВЕС	s	7.2
ПАРИК	s	7.2
ПРЕСС	s	7.2
АВАНС	s	7.1
ЖИЛКА	s	7.1
ОРДЕР	s	7.1
ОТКОС	s	7.1
САБЛЯ	s	7.1
ССУДА	s	7.1
УКЛАД	s	7.1
ШТОРМ	s	7.1
ПЕШКА	s	7.0
ОТХОД	s	6.9
ТРАКТ	s	6.9
УЗНИК	s	6.9
ШАССИ	s	6.9
ДРОБЬ	s	6.8
КРУПА	s	6.8
МИРАЖ	s	6.8
ПОЛИС	s	6.8
УЛИКА	s	6.8
ЭТНОС	s	6.8
ГУБКА	s	6.7
ЗАБОЙ	s	6.7
МЕТЛА	s	6.7
РУИНЫ	s	6.7
ТАЛОН	s	6.7
ЛОТОК	s	6.6
САУНА	s	6.6
СЕКТА	s	6.6
СЕНАТ	s	6.6
МАЧТА	s	6.5
ПОРОХ	s	6.5
ПРЯДЬ	s	6.5
ТАХТА	s	6.5
ШАКАЛ	s	6.5
ГОРОХ	s	6.4
ЗАВАЛ	s	6.4
ЛИМИТ	s	6.4
РАУНД	s	6.4
ШРИФТ	s	6.4
ДЫМКА	s	6.3
ЗАЕЗД	s	6.3
ПАСТА	s	6.3
СТРАЖ	s	6.3
СУКНО	s	6.3
ФИЛИН	s	6.3
ГЕТТО	s	6.2
МОЛОТ	s	6.2
ОЗНОБ	s	6.2
СИНОД	s	6.2
ТОПИК	s	6.2
ТОПОТ	s	6.2
БРЕНД	s	6.1
ГЛАДЬ	s	6.1
ГРАФА	s	6.1
ГРЕЗА	s	6.1
ЗАГАР	s	6.1
КАБАК	s	6.1
ФОТКА	s	6.1
ХРУСТ	s	6.1
ЧЕХОЛ	s	6.1
БАЙКА	s	6.0
ВАЛУН	s	6.0
ВЗМАХ	s	6.0
ВЫПАД	s	6.0
ИУДЕЙ	s	6.0
ЛЕШИЙ	s	6.0
ЛИНЗА	s	6.0
НАЖИМ	s	6.0
НИЧЬЯ	s	6.0
УКСУС	s	6.0
БЕЛЫЙ	s	5.9
БРАНЬ	s	5.9
БРЭНД	s	5.9
БЫЧОК	s	5.9
ВОЖАК	s	5.9
КЕФИР	s	5.9
КИВОК	s	5.9
КОРАН	s	5.9
МОЙКА	s	5.9
НАЕЗД	s	5.9
НОСИК	s	5.9
ПОРЧА	s	5.9
ХОРЕК	s	5.9
ШТРИХ	s	5.9
АТЛАС	s	5.8
БУТИК	s	5.8
ВИТОК	s	5.8
ЛАВРА	s	5.8
МЯТЕЖ	s	5.8
СОСОК	s	5.8
ТРАТА	s	5.8
БУЛАТ	s	5.7
НОТКА	s	5.7
СОЗЫВ	s	5.7
УСТОЙ	s	5.7
ВОРОХ	s	5.6
ВЫЧЕТ	s	5.6
ДОЗОР	s	5.6
МЯКИШ	s	5.6
РЫЖИК	s	5.6
ФИШКА	s	5.6
ШЕЙКА	s	5.6
ШПАГА	s	5.6
КУДРИ	s	5.5
ЛОПУХ	s	5.5
ОТЧИМ	s	5.5
РАЗОК	s	5.5
СЛИВА	s	5.5
ШОРТЫ	s	5.5
ЩЕПКА	s	5.5
ЯИЧКО	s	5.5
ЛОВЛЯ	s	5.4
МЫТЬЕ	s	5.4
ПОЛОГ	s	5.4
ПОМИН	s	5.4
ПУДРА	s	5.4
СМУТА	s	5.4
АКЦИЗ	s	5.3
БАТОН	s	5.3
ВОРОН	s	5.3
ВРАТА	s	5.3
ГАЛКА	s	5.3
ГРИВА	s	5.3
ДЕНЕК	s	5.3
ДУБЛЬ	s	5.3
ЗАПОЙ	s	5.3
КАБАН	s	5.3
КАМЫШ	s	5.3
КОЧКА	s	5.3
ЛАКЕЙ	s	5.3
НАГАН	s	5.3
НЕМКА	s	5.3
ПУРГА	s	5.3
ФЛОРА	s	5.3
ЧУГУН	s	5.3
ШАЛАШ	s	5.3
ШАМАН	s	5.3
ШАТЕР	s	5.3
ШИРМА	s	5.3
ШПАНА	s	5.3
АЛЬФА	s	5.2
ВЗДОР	s	5.2
ГАЙКА	s	5.2
ГРЯДА	s	5.2
КОМОД	s	5.2
МЕТАН	s	5.2
МИЛАЯ	s	5.2
ОСИНА	s	5.2
ОТПОР	s	5.2
РЕЗОН	s	5.2
СМЕТА	s	5.2
СЧЕТЫ	s	5.2
ТЕНОР	s	5.2
ТОПКА	s	5.2
ШАЙКА	s	5.2
ГУСАР	s	5.1
ДОСЬЕ	s	5.1
КУРОК	s	5.1
РОЖОК	s	5.1
ВЫДОХ	s	5.0
ДРЕВО	s	5.0
ЖИЛЕТ	s	5.0
ЛИЦЕЙ	s	5.0
МАСТЬ	s	5.0
ОХВАТ	s	5.0
ПИТЬЕ	s	5.0
ТЫКВА	s	5.0
ФАНАТ	s	5.0
ЧРЕВО	s	5.0
АМБАР	s	4.9
ВОТУМ	s	4.9
ДЕТКА	s	4.9
МУШКА	s	4.9
ОРЕОЛ	s	4.9
САНКИ	s	4.9
ТИТАН	s	4.9
ФАУНА	s	4.9
ЧАСИК	s	4.9
АЛКАШ	s	4.8
БЕРЕТ	s	4.8
БУЛКА	s	4.8
ВАРЯГ	s	4.8
КОНУС	s	4.8
ЛАЗЕР	s	4.8
ЛАПША	s	4.8
САПЕР	s	4.8
ТАНГО	s	4.8
ХОББИ	s	4.8
ШАЙБА	s	4.8
КЕЛЬЯ	s	4.7
СУШКА	s	4.7
ТИРАН	s	4.7
БУТОН	s	4.6
ДОГМА	s	4.6
ЗАПОР	s	4.6
ОБВАЛ	s	4.6
ОКРИК	s	4.6
СМОТР	s	4.6
СОТКА	s	4.6
УКРОП	s	4.6
ФЛЮИД	s	4.6
ГЛАВК	s	4.5
ГОЛЬФ	s	4.5
ДНИЩЕ	s	4.5
ЕРЕСЬ	s	4.5
ТОМИК	s	4.5
ТУМБА	s	4.5
УМНИК	s	4.5
ФУЖЕР	s	4.5
ИВРИТ	s	4.4
ИЗЪЯН	s	4.4
КАЗАХ	s	4.4
ЛЮТИК	s	4.4
МАНИЯ	s	4.4
ОТРОК	s	4.4
ПАРОМ	s	4.4
ПИНОК	s	4.4
ФИГНЯ	s	4.4
ХМЕЛЬ	s	4.4
ЧУЖАК	s	4.4
ШПИЛЬ	s	4.4
ЭМАЛЬ	s	4.4
БЛОХА	s	4.3
ВЫРЕЗ	s	4.3
ГЛУШЬ	s	4.3
ГОРЕЦ	s	4.3
ЖИТЬЕ	s	4.3
КАЛИЙ	s	4.3
КРАСА	s	4.3
ЛАДЬЯ	s	4.3
НОЖИК	s	4.3
НОРКА	s	4.3
ОКСИД	s	4.3
РУЛОН	s	4.3
СУЧОК	s	4.3
ТОНУС	s	4.3
УСТУП	s	4.3
ЭГИДА	s	4.3
ВОЖЖА	s	4.2
КУЧЕР	s	4.2
НАКАЛ	s	4.2
ОБРЕЗ	s	4.2
ПАЙКА	s	4.2
ПОТОП	s	4.2
ТОРЕЦ	s	4.2
УЗБЕК	s	4.2
ШУБКА	s	4.2
ЯРЛЫК	s	4.2
БУРАН	s	4.1
ВОЛХВ	s	4.1
ГАЗИК	s	4.1
КЛЕРК	s	4.1
КРОХА	s	4.1
ОСЛИК	s	4.1
ОТВАР	s	4.1
ОТЛЕТ	s	4.1
ПАШНЯ	s	4.1
ПЕНЕК	s	4.1
ПУПОК	s	4.1
ЧЕШУЯ	s	4.1
ВЫНОС	s	4.0
ДЕКАН	s	4.0
ЗАЖИМ	s	4.0
ЗАЗОР	s	4.0
ЗАСОВ	s	4.0
ЛЕСКА	s	4.0
ЛЯЖКА	s	4.0
МАЗУТ	s	4.0
МАСОН	s	4.0
МОЛВА	s	4.0
МУМИЯ	s	4.0
ОБРУЧ	s	4.0
ОТЛИВ	s	4.0
ПЛЕТЬ	s	4.0
ПОСОХ	s	4.0
РОЗНЬ	s	4.0
СКЛЕП	s	4.0
ТЕЗКА	s	4.0
ТОМАТ	s	4.0
ТУЛУП	s	4.0
ШПАЛА	s	4.0
БУФЕР	s	3.9
ВОГУЛ	s	3.9
ДЕКОР	s	3.9
КОЛОС	s	3.9
ПОЛИВ	s	3.9
ПЯТАК	s	3.9
РВОТА	s	3.9
СБРОС	s	3.9
СИФОН	s	3.9
СПАЗМ	s	3.9
ТАБОР	s	3.9
ТЕЛЕЦ	s	3.9
ТЮБИК	s	3.9
ХВАЛА	s	3.9
ШИТЬЕ	s	3.9
АСТРА	s	3.8
БАЧОК	s	3.8
ВАРКА	s	3.8
ЗАЙКА	s	3.8
ЗЕЛЬЕ	s	3.8
ЛЯМКА	s	3.8
ОТТОК	s	3.8
СКОБА	s	3.8
АРЕАЛ	s	3.7
АУДИТ	s	3.7
БАЗИС	s	3.7
ДАМБА	s	3.7
ДЕЛЕЦ	s	3.7
ЕГЕРЬ	s	3.7
ЖУЧОК	s	3.7
ЗАВУЧ	s	3.7
ЗУБЕЦ	s	3.7
МЕТКА	s	3.7
НАБЕГ	s	3.7
НОЖНЫ	s	3.7
ОПИСЬ	s	3.7
РТУТЬ	s	3.7
ЧУВАК	s	3.7
АРШИН	s	3.6
БАСНЯ	s	3.6
ГОВОР	s	3.6
ДЕБРИ	s	3.6
ДЕСНА	s	3.6
ЖЕРДЬ	s	3.6
ЛОТОС	s	3.6
ОСАДА	s	3.6
ОТВАЛ	s	3.6
ПЕРСТ	s	3.6
СПИЦА	s	3.6
СТОЛП	s	3.6
ТАКСА	s	3.6
ТРАНС	s	3.6
УБЫЛЬ	s	3.6
АНГАР	s	3.5
АФЕРА	s	3.5
ВИРАЖ	s	3.5
ГОНЕЦ	s	3.5
ИНДУС	s	3.5
КАЗУС	s	3.5
КОРЕШ	s	3.5
ЛИАНА	s	3.5
ОКУНЬ	s	3.5
РУБЕЦ	s	3.5
СЕДАН	s	3.5
ТРАУР	s	3.5
ФАСОН	s	3.5
ФЛЯГА	s	3.5
ЧЕЛКА	s	3.5
ШЛЕЙФ	s	3.5
ШМЕЛЬ	s	3.5
ЩЕЧКА	s	3.5
ЮНКЕР	s	3.5
БИДОН	s	3.4
БОЙНЯ	s	3.4
ВАЛИК	s	3.4
ЖЕТОН	s	3.4
ЗАГОН	s	3.4
КУЛИК	s	3.4
ПЛЕСК	s	3.4
ТЕМБР	s	3.4
ТУРНЕ	s	3.4
ХОБОТ	s	3.4
ЧУЛАН	s	3.4
ШЕЛЬФ	s	3.4
ШКВАЛ	s	3.4
БИРЮК	s	3.3
КАСТА	s	3.3
КОТИК	s	3.3
ЛИКЕР	s	3.3
ОАЗИС	s	3.3
ПИЖОН	s	3.3
ПИЦЦА	s	3.3
ПОБОИ	s	3.3
СМЕРЧ	s	3.3
СТУЖА	s	3.3
ЩИТОК	s	3.3
БИСЕР	s	3.2
ВОЯКА	s	3.2
ГОДИК	s	3.2
ЖЕСТЬ	s	3.2
КАДКА	s	3.2
КОРОБ	s	3.2
ЛАТЫШ	s	3.2
ОПЛОТ	s	3.2
ПАННО	s	3.2
ПЕСЕЦ	s	3.2
ПОСАД	s	3.2
ПРИМА	s	3.2
РАФИК	s	3.2
ХИППИ	s	3.2
ЦИНИК	s	3.2
АРКАН	s	3.1
ДЖИНН	s	3.1
ДЯТЕЛ	s	3.1
ЗАМЕР	s	3.1
ИЗЫСК	s	3.1
КОЛБА	s	3.1
КРЕДО	s	3.1
ЛЕВША	s	3.1
ЛЕСТЬ	s	3.1
ЛОКОН	s	3.1
ЛОМКА	s	3.1
НАКАЗ	s	3.1
ПОКОИ	s	3.1
ПОНОС	s	3.1
РОДИЧ	s	3.1
СОВОК	s	3.1
ТАЗИК	s	3.1
ТАЛИБ	s	3.1
ТАПКА	s	3.1
ТУШКА	s	3.1
БОЧОК	s	3.0
ГАРЕМ	s	3.0
ГНИЛЬ	s	3.0
ИЗГОЙ	s	3.0
КОПНА	s	3.0
ЛАДАН	s	3.0
ЛИТЬЕ	s	3.0
ПИВКО	s	3.0
ПЛАТО	s	3.0
ПЛАХА	s	3.0
ПОЙМА	s	3.0
РАНКА	s	3.0
РЕЗЕЦ	s	3.0
СОПЛИ	s	3.0
СУДАК	s	3.0
ТАБЛО	s	3.0
ТЕРЕМ	s	3.0
ТОНИК	s	3.0
ШАЖОК	s	3.0
БУБЕН	s	2.9
ГАМАК	s	2.9
ЖАБРА	s	2.9
КАДЕТ	s	2.9
КУЛЕК	s	2.9
КУРАЖ	s	2.9
ОСТОВ	s	2.9
ОТКАТ	s	2.9
ПАДЕЖ	s	2.9
ПУШОК	s	2.9
ТЯГАЧ	s	2.9
УАЗИК	s	2.9
УГОДА	s	2.9
ФУГАС	s	2.9
ЧУРКА	s	2.9
АДЕПТ	s	2.8
АСТМА	s	2.8
БРОНЬ	s	2.8
ВЬЮГА	s	2.8
ЗАДОР	s	2.8
КВАРЦ	s	2.8
ЛЕСОК	s	2.8
МАЗОК	s	2.8
МАРЛЯ	s	2.8
НАРТА	s	2.8
ПАХАН	s	2.8
ПОМЕТ	s	2.8
СОНЕТ	s	2.8
ТАБУН	s	2.8
ТЕЛКА	s	2.8
ХЛЫСТ	s	2.8
АБВЕР	s	2.7
БРЕШЬ	s	2.7
ДАВКА	s	2.7
ДРОЗД	s	2.7
КАДЫК	s	2.7
КОБРА	s	2.7
КРУИЗ	s	2.7
КУЗЕН	s	2.7
КУШАК	s	2.7
КЮВЕТ	s	2.7
ЛИХВА	s	2.7
МАЛЯР	s	2.7
НАХАЛ	s	2.7
ПИКЕТ	s	2.7
ПОЧИН	s	2.7
РАДАР	s	2.7
РОКОТ	s	2.7
РУМЫН	s	2.7
РУПОР	s	2.7
САМБО	s	2.7
САЧОК	s	2.7
ТРЕЛЬ	s	2.7
ХАКЕР	s	2.7
АЛИБИ	s	2.6
БОБЕР	s	2.6
ДЗЮДО	s	2.6
ДУМЕЦ	s	2.6
ДУПЛО	s	2.6
ЖИРАФ	s	2.6
КИСЕТ	s	2.6
КОЛЬТ	s	2.6
ОЛОВО	s	2.6
ОПАЛА	s	2.6
СЛИЗЬ	s	2.6
СНЕДЬ	s	2.6
СОПЛЯ	s	2.6
ФИКУС	s	2.6
ХОЛУЙ	s	2.6
ЧЕРНЬ	s	2.6
ЧУДИК	s	2.6
ЯСЕНЬ	s	2.6
АГНЕЦ	s	2.5
АТЛЕТ	s	2.5
БАЛДА	s	2.5
ВЕНГР	s	2.5
ВЕРФЬ	s	2.5
ГАЛОП	s	2.5
ДЕЛЕЖ	s	2.5
ДРЕМА	s	2.5
ДУДКА	s	2.5
ЖЕЛОБ	s	2.5
ЗАПАЛ	s	2.5
ЗНАТЬ	s	2.5
ИНГУШ	s	2.5
КЛИШЕ	s	2.5
КОКОН	s	2.5
КОНЮХ	s	2.5
КУПОН	s	2.5
ЛЕПТА	s	2.5
МЕРИН	s	2.5
ПИХТА	s	2.5
ПЯТАЯ	s	2.5
СТЕЗЯ	s	2.5
ТИСКИ	s	2.5
ТЯЖБА	s	2.5
ФИНКА	s	2.5
ЭСТЕТ	s	2.5
БЕГУН	s	2.4
БУРКА	s	2.4
ВОКАЛ	s	2.4
ВОЛЬТ	s	2.4
ДОМЕН	s	2.4
ЖАКЕТ	s	2.4
ЗУБОК	s	2.4
КИРКА	s	2.4
КОЖУХ	s	2.4
КОЗНИ	s	2.4
ЛОВЕЦ	s	2.4
МЕДИА	s	2.4
ОПЦИЯ	s	2.4
ОРАВА	s	2.4
РОТОР	s	2.4
СВОЯК	s	2.4
СКАРБ	s	2.4
СТУПА	s	2.4
ТРУХА	s	2.4
УДАЛЬ	s	2.4
УТЕХА	s	2.4
ФЕРЗЬ	s	2.4
ФРЕНЧ	s	2.4
ХОДОК	s	2.4
ЧАСОК	s	2.4
ЧУЖОЕ	s	2.4
ШУМОК	s	2.4
АВЕНЮ	s	2.3
АЗИАТ	s	2.3
БОТВА	s	2.3
ВАЛЕТ	s	2.3
ГОМОН	s	2.3
ЗАНОС	s	2.3
КОМИК	s	2.3
ЛАЙКА	s	2.3
ЛЕПКА	s	2.3
МЕСЬЕ	s	2.3
МОШКА	s	2.3
НАКАТ	s	2.3
НАПЕВ	s	2.3
ОКРАС	s	2.3
ПЕКЛО	s	2.3
ПЕНИС	s	2.3
РОПОТ	s	2.3
СЛЮНИ	s	2.3
ХОЛОП	s	2.3
АМПЕР	s	2.2
АОРТА	s	2.2
ГЕЛИЙ	s	2.2
ЕВНУХ	s	2.2
ЗАДЕЛ	s	2.2
ИЗЛОМ	s	2.2
ИМАГО	s	2.2
КВАНТ	s	2.2
КРОСС	s	2.2
ЛЫЖНЯ	s	2.2
МУФТА	s	2.2
ОБГОН	s	2.2
ОСОКА	s	2.2
ПЕНКА	s	2.2
ПОМОИ	s	2.2
ПЯТОК	s	2.2
РАМПА	s	2.2
РЯДНО	s	2.2
ТИПАЖ	s	2.2
ХОМУТ	s	2.2
ШПОРА	s	2.2
ЩЕЛКА	s	2.2
АМБАЛ	s	2.1
АМПИР	s	2.1
БОББИ	s	2.1
ВОБЛА	s	2.1
ДУЖКА	s	2.1
ЖЕЛЧЬ	s	2.1
КАЛАЧ	s	2.1
ЛЕПЕТ	s	2.1
ЛИПИД	s	2.1
ЛИРИК	s	2.1
ЛОГОС	s	2.1
ЛУЧИК	s	2.1
МАЛЕЦ	s	2.1
НИМФА	s	2.1
ОБУЗА	s	2.1
ОКОВЫ	s	2.1
ОСКАЛ	s	2.1
ОТКУП	s	2.1
ПЛЕШЬ	s	2.1
ПРОФИ	s	2.1
ПРЫТЬ	s	2.1
ПРЯЖА	s	2.1
СВОРА	s	2.1
СИДОР	s	2.1
ТРЕНД	s	2.1
ЧАЛМА	s	2.1
ШЕРИФ	s	2.1
ШУРУП	s	2.1
АСЬКА	s	2.0
БЛАЖЬ	s	2.0
БРАГА	s	2.0
ВОЛОК	s	2.0
ВУАЛЬ	s	2.0
ЖРИЦА	s	2.0
КАКАО	s	2.0
КАНВА	s	2.0
КАРМА	s	2.0
КАЧКА	s	2.0
КОЧАН	s	2.0
КРУЧА	s	2.0
МАЛЕК	s	2.0
МИРОК	s	2.0
НАВАР	s	2.0
ОМЛЕТ	s	2.0
ОТЖИГ	s	2.0
ПОБОР	s	2.0
ПОМПА	s	2.0
ПОРЕЗ	s	2.0
РАНЧО	s	2.0
РЭКЕТ	s	2.0
СИТЕЦ	s	2.0
СКОТЧ	s	2.0
СМРАД	s	2.0
СТРИЖ	s	2.0
ФЕНОЛ	s	2.0
ФЛИРТ	s	2.0
ЦАПЛЯ	s	2.0
ШТИЛЬ	s	2.0
ЭЛЛИН	s	2.0
ЯГУАР	s	2.0
БИРКА	s	1.9
БЛЯХА	s	1.9
БОЛИД	s	1.9
БОНУС	s	1.9
ВАЛЕК	s	1.9
ВЫЛОВ	s	1.9
ГРЫЖА	s	1.9
ДРЕЙФ	s	1.9
ЗАТОР	s	1.9
ЗЕБРА	s	1.9
КАРАТ	s	1.9
КОСМЫ	s	1.9
КУЛОН	s	1.9
ЛОББИ	s	1.9
МАРАЛ	s	1.9
МЕССА	s	1.9
МОЧКА	s	1.9
МУЛЯЖ	s	1.9
НЕВОД	s	1.9
ОЛЬХА	s	1.9
ОМЕГА	s	1.9
ОТВЕС	s	1.9
ОТШИБ	s	1.9
ПОЙЛО	s	1.9
ПОКОС	s	1.9
ПОЛОЗ	s	1.9
ПСИНА	s	1.9
РАДОН	s	1.9
РАНЕЦ	s	1.9
СЕМГА	s	1.9
ТАРАН	s	1.9
ТОРОС	s	1.9
ТРИКО	s	1.9
ТУЧКА	s	1.9
ТЮФЯК	s	1.9
УГОРЬ	s	1.9
УНТЕР	s	1.9
ХВОРЬ	s	1.9
ХМЫРЬ	s	1.9
ЧЕТКИ	s	1.9
ШТЫРЬ	s	1.9
БАДЬЯ	s	1.8
БИТЬЕ	s	1.8
БЛУЗА	s	1.8
БОСЯК	s	1.8
ЖИВОЙ	s	1.8
ЗАИКА	s	1.8
ОПИУМ	s	1.8
ОСЕТР	s	1.8
ПОСЫЛ	s	1.8
ПШЕНО	s	1.8
РАЛЛИ	s	1.8
РЕЗНЯ	s	1.8
РЕЙКА	s	1.8
РОЖОН	s	1.8
СТВОР	s	1.8
ТРЮМО	s	1.8
ТЫЧОК	s	1.8
УХВАТ	s	1.8
ФАЗАН	s	1.8
ФОТОН	s	1.8
ЧИТКА	s	1.8
ШАБАШ	s	1.8
ЩЕГОЛ	s	1.8
ЩИПЦЫ	s	1.8
БАГОР	s	1.7
БУГАЙ	s	1.7
ВЕРБА	s	1.7
ВИХОР	s	1.7
ВЫДЕЛ	s	1.7
ГВАЛТ	s	1.7
ДАЧКА	s	1.7
ЖИСТЬ	s	1.7
КУКИШ	s	1.7
ЛАРЕЦ	s	1.7
ЛИТЕР	s	1.7
МУРКА	s	1.7
НАДЕЛ	s	1.7
ОСЫПЬ	s	1.7
ОТАРА	s	1.7
ОТГУЛ	s	1.7
ПИСЕЦ	s	1.7
ПОКЕР	s	1.7
ПТАХА	s	1.7
РЫСАК	s	1.7
СИЛОК	s	1.7
СЛАЙД	s	1.7
СЛЕНГ	s	1.7
СОСКА	s	1.7
СЫРОК	s	1.7
ТЕРКА	s	1.7
ТРАНШ	s	1.7
ХОХМА	s	1.7
ЦИНГА	s	1.7
АББАТ	s	1.6
АСКЕТ	s	1.6
БОРДО	s	1.6
БОРОВ	s	1.6
ВИНЦО	s	1.6
ДЕБИТ	s	1.6
ЖЕРЛО	s	1.6
ЗАБЕГ	s	1.6
ЗАМАХ	s	1.6
ЗАТОН	s	1.6
КАТАР	s	1.6
КЛЯЧА	s	1.6
КОСОЙ	s	1.6
ЛЕЙБЛ	s	1.6
ЛИШЕК	s	1.6
ЛОБОК	s	1.6
МОТОК	s	1.6
НАРЫВ	s	1.6
НЕНЕЦ	s	1.6
ПЕНАЛ	s	1.6
ПИКАП	s	1.6
ПОЗЫВ	s	1.6
ПОТЕК	s	1.6
СБРОД	s	1.6
СБРУЯ	s	1.6
СЕДОК	s	1.6
ТОРБА	s	1.6
УМОЛК	s	1.6
ЧИПСЫ	s	1.6
ШИПИК	s	1.6
ШУРИН	s	1.6
БАКЕН	s	1.5
БУРДА	s	1.5
БЫЛОЕ	s	1.5
ВАФЛЯ	s	1.5
ВИОЛА	s	1.5
ВЯЗКА	s	1.5
ДАМКА	s	1.5
ДЕНДИ	s	1.5
ДРАЙВ	s	1.5
ДУШОК	s	1.5
ЖАТВА	s	1.5
ЗАГУЛ	s	1.5
ЗАМША	s	1.5
ИНДЮК	s	1.5
КАЙМА	s	1.5
КАШКА	s	1.5
КИСКА	s	1.5
МАЛЫЙ	s	1.5
МОДЕМ	s	1.5
МОДУС	s	1.5
МУЛЛА	s	1.5
НЕРПА	s	1.5
ОТРОГ	s	1.5
ПАЛАС	s	1.5
ПИАЛА	s	1.5
ПОСУЛ	s	1.5
РЕДИС	s	1.5
РЕЗКА	s	1.5
РОТИК	s	1.5
СВАРА	s	1.5
СИЛАЧ	s	1.5
СПЕСЬ	s	1.5
ТАНКА	s	1.5
ХОЛКА	s	1.5
ШХУНА	s	1.5
БИЗОН	s	1.4
БРОНХ	s	1.4
ГОДОК	s	1.4
ГРИЛЬ	s	1.4
ДРЕЛЬ	s	1.4
ЗАВОЗ	s	1.4
ИЗЛЕТ	s	1.4
ИНТИМ	s	1.4
КУЛИЧ	s	1.4
ЛЕДОК	s	1.4
ЛИЗАТ	s	1.4
ЛИМФА	s	1.4
МАНТО	s	1.4
МИНОР	s	1.4
МОРОК	s	1.4
МУЛАТ	s	1.4
ПЕСИК	s	1.4
ПОРКА	s	1.4
ПОШИВ	s	1.4
ПЫЖИК	s	1.4
ПЬЯНЬ	s	1.4
САВАН	s	1.4
СТРУП	s	1.4
СЮИТА	s	1.4
ТЕЛОК	s	1.4
ТУФТА	s	1.4
ФАКИР	s	1.4
ФРЕОН	s	1.4
ЯМЩИК	s	1.4
АБРЕК	s	1.3
АВРАЛ	s	1.3
АНОНС	s	1.3
БАРЫШ	s	1.3
БРОШЬ	s	1.3
ВЗЛОМ	s	1.3
ГАШИШ	s	1.3
ГОНОР	s	1.3
ДЛАНЬ	s	1.3
ДОНЕЦ	s	1.3
ДОННА	s	1.3
ЗАРОК	s	1.3
ЗОМБИ	s	1.3
КВАРК	s	1.3
КУЛЕШ	s	1.3
ЛЕЙКА	s	1.3
ЛУЖОК	s	1.3
МИДИЯ	s	1.3
МИТЕК	s	1.3
НАБАТ	s	1.3
НОЧКА	s	1.3
НЫТЬЕ	s	1.3
ОБЛОМ	s	1.3
ОГРЕХ	s	1.3
ОДУРЬ	s	1.3
ОТРЕЗ	s	1.3
ПАРЧА	s	1.3
ПЛЕЕР	s	1.3
ПОПСА	s	1.3
РЕДУТ	s	1.3
РЕПКА	s	1.3
РУСАК	s	1.3
РЫЖИЙ	s	1.3
РЯСКА	s	1.3
СВАХА	s	1.3
СНОХА	s	1.3
СОПЛО	s	1.3
СТРОП	s	1.3
ТРОЯК	s	1.3
УПЫРЬ	s	1.3
ФУРОР	s	1.3
ХАЛВА	s	1.3
ХАНЖА	s	1.3
ХЕРЕС	s	1.3
ХУНТА	s	1.3
ЧАКРА	s	1.3
ЧАРКА	s	1.3
ЧЕЧЕН	s	1.3
ШИФЕР	s	1.3
ШУЛЕР	s	1.3
ЮНИОР	s	1.3
БИТУМ	s	1.2
БОБИК	s	1.2
ВАТКА	s	1.2
ВЫВИХ	s	1.2
ГЕЙША	s	1.2
ГИДРА	s	1.2
ГИЕНА	s	1.2
ГЛИСТ	s	1.2
ГУМНО	s	1.2
ЗЕВОК	s	1.2
ИЕРЕЙ	s	1.2
ИЗВИВ	s	1.2
КАТОД	s	1.2
КЛЕТЬ	s	1.2
ЛАБАЗ	s	1.2
НАВЕТ	s	1.2
НАГАР	s	1.2
ОБЖИГ	s	1.2
ОТЛОВ	s	1.2
ОФШОР	s	1.2
ПИФИЯ	s	1.2
ПЛЕВА	s	1.2
ПЫШКА	s	1.2
РАХИТ	s	1.2
РЕШКА	s	1.2
РОЗГА	s	1.2
РОКЕР	s	1.2
СОБЕС	s	1.2
СОТАЯ	s	1.2
СУРОК	s	1.2
СУЩЕЕ	s	1.2
ТРЕБА	s	1.2
ТРИБА	s	1.2
ФАВОР	s	1.2
ФОБИЯ	s	1.2
ХАТКА	s	1.2
ЧТИВО	s	1.2
ШАТТЛ	s	1.2
ШАТУН	s	1.2
АБРИС	s	1.1
АНАША	s	0
АРИЕЦ	s	1.1
АСАНА	s	0
БЕКОН	s	1.1
ВАЗОН	s	1.1
ВЫДРА	s	1.1
ГОГОТ	s	1.1
ЖУЛЬЕ	s	1.1
ЗАГИБ	s	1.1
ИВНЯК	s	1.1
ИЗВОЗ	s	1.1
КАПУТ	s	1.1
КЛЕСТ	s	1.1
КЛЮКА	s	1.1
ЛЕЖАК	s	1.1
ЛИТИЙ	s	1.1
ЛОБИК	s	1.1
ЛУБОК	s	1.1
МАНГО	s	1.1
МЕЛОК	s	1.1
МИЛОК	s	1.1
НАЛИМ	s	1.1
ОКИСЬ	s	1.1
ОТПАД	s	1.1
ПАКЛЯ	s	1.1
ПАНДА	s	1.1
ПЕНЬЕ	s	1.1
ПОМОЛ	s	1.1
ПРОСО	s	1.1
ПУФИК	s	1.1
РАББИ	s	1.1
РЕБУС	s	1.1
РЕТРО	s	1.1
РОВИК	s	1.1
СГЛАЗ	s	1.1
СМЕРШ	s	1.1
СОДОМ	s	1.1
СОФИТ	s	1.1
СОШКА	s	1.1
ТЕЛЕК	s	1.1
ТЕЛИК	s	1.1
ТЩЕТА	s	1.1
ФРАНТ	s	1.1
ФРЕЗА	s	1.1
ХОДЖА	s	1.1
ХОМЯК	s	1.1
ХОРЕЙ	s	1.1
ЦЕДРА	s	1.1
ШАХИД	s	1.1
ШНАПС	s	1.1
ЭРКЕР	s	1.1
АМВОН	s	1.0
БАБАЙ	s	1.0
БОЖОК	s	1.0
БРИДЖ	s	1.0
БУРЯТ	s	1.0
ВИРШИ	s	1.0
ВТОРА	s	1.0
ВЫГОН	s	1.0
ВЫПАС	s	1.0
ВЯТИЧ	s	1.0
ГУАШЬ	s	1.0
ДОМНА	s	1.0
ДУШКА	s	1.0
ЕСАУЛ	s	1.0
ЖИНКА	s	1.0
ЖИРОК	s	1.0
ЖУПЕЛ	s	1.0
ЖУЧКА	s	1.0
ИГРЕК	s	1.0
ИКОТА	s	1.0
КАРГА	s	1.0
КАРЕЛ	s	1.0
КЛЕЩИ	s	1.0
КЛУНЯ	s	1.0
КОКОС	s	1.0
КОЛЬЕ	s	1.0
КУМАЧ	s	1.0
ЛАБУХ	s	1.0
ЛАНДО	s	1.0
ЛЕММА	s	1.0
ЛЕНОК	s	1.0
ЛОГИК	s	1.0
МАЖОР	s	1.0
МАЗНЯ	s	1.0
МАННА	s	1.0
МИНЕЯ	s	1.0
МОСОЛ	s	1.0
НАДОЙ	s	1.0
НОЛИК	s	1.0
НОРОВ	s	1.0
ОБВОД	s	1.0
ОБРОК	s	1.0
ОКЛИК	s	1.0
ОТЖИМ	s	1.0
ПАТИО	s	1.0
ПИТОН	s	1.0
ПРЕВО	s	1.0
РАЧОК	s	1.0
РОВНЯ	s	1.0
РЫТЬЕ	s	1.0
РЯДОК	s	1.0
СВАМИ	s	1.0
СЕНЦЫ	s	1.0
СИЛОС	s	1.0
СИНУС	s	1.0
СПРЕЙ	s	1.0
СТЕЛА	s	1.0
СУДИЯ	s	1.0
ТВИСТ	s	1.0
ТРОМБ	s	1.0
УДИЛА	s	1.0
УТЕРЯ	s	1.0
ФЕТИШ	s	1.0
ФЛОКС	s	1.0
ХИТОН	s	1.0
ХОДКА	s	1.0
ХУРМА	s	1.0
ЧАБАН	s	1.0
ШАТЕН	s	1.0
АКРИЛ	s	0.9
АРГОН	s	0.9
БОДУН	s	0.9
ВЕТЛА	s	0.9
ВЕШКА	s	0.9
ГУСЛИ	s	0.9
ДЕБЕТ	s	0.9
ДЕБОШ	s	0.9
ДУБОК	s	0.9
ДЫЛДА	s	0.9
ЗАЧИН	s	0.9
ИСКУС	s	0.9
КАГОР	s	0.9
КАЧОК	s	0.9
КЕЛЬТ	s	0.9
КЛАДЬ	s	0.9
КОВКА	s	0.9
КОЛОК	s	0.9
КОЛУН	s	0.9
ЛЕНЦА	s	0.9
ЛЕТУН	s	0.9
ЛИМАН	s	0.9
ЛИПКА	s	0.9
ЛИХАЧ	s	0.9
ЛИШАЙ	s	0.9
ЛОМИК	s	0.9
МАРЖА	s	0.9
МИНЕР	s	0.9
МИТРА	s	0.9
МУРАШ	s	0.9
НАРДЫ	s	0.9
НЫРОК	s	0.9
ОБЛЕТ	s	0.9
ОБЩАК	s	0.9
ПИЛКА	s	0.9
РИКША	s	0.9
САЗАН	s	0.9
СИКЛЬ	s	0.9
СКРАБ	s	0.9
СЛЮДА	s	0.9
СПОРА	s	0.9
СТОЯК	s	0.9
СТРИТ	s	0.9
ТЕСАК	s	0.9
ТУРКА	s	0.9
УНЦИЯ	s	0.9
ФИНИК	s	0.9
ФУФЛО	s	0.9
ХАБАР	s	0.9
ХАЛИФ	s	0.9
ЧУШКА	s	0.9
ШАВКА	s	0.9
ШАЛУН	s	0.9
ШИВЕР	s	0.9
ШТРЕК	s	0.9
ЩЕБЕТ	s	0.9
АЛЛЮР	s	0.8
АЛЫЧА	s	0.8
АМЕБА	s	0.8
АТОЛЛ	s	0.8
АХИЛЛ	s	0.8
АЦТЕК	s	0.8
БАГЕТ	s	0.8
БАТОГ	s	0.8
БОТИК	s	0.8
БУБНА	s	0.8
БУРУН	s	0.8
ВАКСА	s	0.8
ВАЛОК	s	0.8
ВАРНА	s	0.8
ВИДИК	s	0.8
ГАУСС	s	0.8
ГОБОЙ	s	0.8
ГОЛЫШ	s	0.8
ГРОСС	s	0.8
ДЕЗИК	s	0.8
ДЫШЛО	s	0.8
ЕЗДОК	s	0.8
ЖАРКА	s	0.8
ЗАУМЬ	s	0.8
ИНЖИР	s	0.8
КАЗАН	s	0.8
КАЙЛО	s	0.8
КАППА	s	0.8
КАШНЕ	s	0.8
КИРХА	s	0.8
КИСЕЯ	s	0.8
КЛИКО	s	0.8
КОДАК	s	0.8
КОЛЕР	s	0.8
КОШМА	s	0.8
КУЗНЯ	s	0.8
КУПЛЯ	s	0.8
КУТЕЖ	s	0.8
ЛАВАШ	s	0.8
ЛЕВАК	s	0.8
ЛЕЖКА	s	0.8
ЛОБИО	s	0.8
ЛОКУС	s	0.8
МИЗЕР	s	0.8
МИРРА	s	0.8
МОПЕД	s	0.8
МЫСОК	s	0.8
НУМЕР	s	0.8
ОДЕЖА	s	0.8
ОЛИВА	s	0.8
ОЛИФА	s	0.8
ОСМАН	s	0.8
ОТСЕВ	s	0.8
ОТЪЕМ	s	0.8
ПАТЛЫ	s	0.8
ПЕШНЯ	s	0.8
ПОМОР	s	0.8
ПОШИБ	s	0.8
ПУГАЧ	s	0.8
РВАНЬ	s	0.8
РУСИЧ	s	0.8
САДОК	s	0.8
САТИН	s	0.8
СКЕТЧ	s	0.8
СОЙКА	s	0.8
СОСЕЦ	s	0.8
СПРУТ	s	0.8
ТАМГА	s	0.8
ТЕНГЕ	s	0.8
ТУЛЬЯ	s	0.8
ТУМАК	s	0.8
УЗДЦЫ	s	0.8
УТИЛЬ	s	0.8
ФАГОТ	s	0.8
ФУРИЯ	s	0.8
ХЛЯБЬ	s	0.8
ЧЕПЕЦ	s	0.8
ЧУБИК	s	0.8
ЧУВАШ	s	0.8
ШКОДА	s	0.8
ШУХЕР	s	0.8
АБХАЗ	s	0.7
АНИОН	s	0.7
АСКЕР	s	0.7
АСПИД	s	0.7
БАЛЫК	s	0.7
БАРКА	s	0.7
БАСОК	s	0.7
БЕЛЯК	s	0.7
БИТЮГ	s	0.7
БОРОК	s	0.7
БРАСС	s	0.7
БУРАК	s	0.7
БУТСА	s	0.7
ВАЛКА	s	0.7
ВАЛУЙ	s	0.7
ВЕЛИК	s	0.7
ВЕПРЬ	s	0.7
ВОРЬЕ	s	0.7
ВЫСЕВ	s	0.7
ГАЛУН	s	0.7
ГУСАК	s	0.7
ДЕДОК	s	0.7
ДЕРБИ	s	0.7
ДИСКО	s	0.7
ДУМКА	s	0.7
ЕССЕЙ	s	0.7
ЖОКЕЙ	s	0.7
ЗАМЕС	s	0.7
ЗАРЕЗ	s	0.7
ЗЛАТО	s	0.7
КАЛАШ	s	0.7
КАМЕЯ	s	0.7
КАПЛИ	s	0.7
КИСТА	s	0.7
КОДЛА	s	0.7
КОЗЛЫ	s	0.7
КОРЧА	s	0.7
КОСАЯ	s	0.7
КРАЛЯ	s	0.7
КРЕСС	s	0.7
КСИВА	s	0.7
КУМЫС	s	0.7
КУРЬЯ	s	0.7
ЛАПТА	s	0.7
ЛОЦИЯ	s	0.7
ЛУЧОК	s	0.7
ЛЮТНЯ	s	0.7
МАГМА	s	0.7
МАНСИ	s	0.7
МАХРА	s	0.7
МЕДЯК	s	0.7
МЕТИС	s	0.7
МЫМРА	s	0.7
НОХЧИ	s	0.7
ОКОЕМ	s	0.7
ОМЕЛА	s	0.7
ОМУЛЬ	s	0.7
ПИТИЕ	s	0.7
ПОЛИП	s	0.7
ПРЕЛЬ	s	0.7
РАДИЙ	s	0.7
РУПИЯ	s	0.7
САКЛЯ	s	0.7
СЕЛЕН	s	0.7
СИЛЕН	s	0.7
СКАУТ	s	0.7
СЛЕГА	s	0.7
СТЕЙК	s	0.7
СУРИК	s	0.7
СУТРА	s	0.7
СХРОН	s	0.7
ТОПАЗ	s	0.7
ТУНЕЦ	s	0.7
УДЕРЖ	s	0.7
ФАНТА	s	0.7
ФЕСКА	s	0.7
ФОМКА	s	0.7
ФРЕЙМ	s	0.7
ХАДЖИ	s	0.7
ХАЗАР	s	0.7
ЦАЦКА	s	0.7
ШВАЛЬ	s	0.7
ШИХТА	s	0.7
ЮННАТ	s	0.7
ЯНТРА	s	0.7
АРГУС	s	0.6
АРМЯК	s	0.6
АШРАМ	s	0.6
БАЙДА	s	0.6
БАХЧА	s	0.6
БИВАК	s	0.6
БИНОМ	s	0.6
БОНЗА	s	0.6
БУКЛЯ	s	0.6
ВЕРЕЯ	s	0.6
ВИДОК	s	0.6
ВОЗОК	s	0.6
ВРАКИ	s	0.6
ВРАЛЬ	s	0.6
ГОПАК	s	0.6
ГУЛЯШ	s	0.6
ДАЙКА	s	0.6
ДИЧОК	s	0.6
ДОЙКА	s	0.6
ДРАФТ	s	0.6
ЖЕНКА	s	0.6
ЖИВЕЦ	s	0.6
ЗАДОК	s	0.6
ЗЕНКИ	s	0.6
ЗИПУН	s	0.6
ЗЫБКА	s	0.6
КАШПО	s	0.6
КАЩЕЙ	s	0.6
КИНЗА	s	0.6
КРАГА	s	0.6
КРЕПЬ	s	0.6
КРОЛЬ	s	0.6
ЛАФЕТ	s	0.6
ЛЕВИТ	s	0.6
ЛЕВЫЙ	s	0.6
ЛЕМЕХ	s	0.6
МАМБА	s	0.6
МОЛОХ	s	0.6
МОСЬЕ	s	0.6
ПАЗИК	s	0.6
ПАРИЯ	s	0.6
ПАРОК	s	0.6
ПИЛОН	s	0.6
ПЛЮХА	s	0.6
ПОЛОН	s	0.6
ПОНЧО	s	0.6
ПРАЙС	s	0.6
ПРИЧТ	s	0.6
ПУАНТ	s	0.6
РЕПЕЙ	s	0.6
РОХЛЯ	s	0.6
РУЛЕТ	s	0.6
СЕЗАМ	s	0.6
СКЕЙТ	s	0.6
СКИРД	s	0.6
СМЕРД	s	0.6
СТРАЗ	s	0.6
ТАВРО	s	0.6
ТАПЕР	s	0.6
ТЕМКА	s	0.6
ТИПУН	s	0.6
ТРЕУХ	s	0.6
УЛИТА	s	0.6
ФАЯНС	s	0.6
ФОРТЕ	s	0.6
ФУРАЖ	s	0.6
ХАНКА	s	0.6
ХАРЧО	s	0.6
ЦЕВЬЕ	s	0.6
ЦЕЛИК	s	0.6
ЦОКОТ	s	0.6
ЧАДРА	s	0.6
ЧУЖОЙ	s	0.6
ШИФОН	s	0.6
ШПРОТ	s	0.6
ШТАМБ	s	0.6
ЭЙДОС	s	0.6
ЭКЛЕР	s	0.6
ЭРБИЙ	s	0.6
ЭРЗАЦ	s	0.6
ЭФИОП	s	0.6
ЮДОЛЬ	s	0.6
АГЕНС	s	0.5
АЛТЫН	s	0.5
БАРИЙ	s	0.5
БАТУТ	s	0.5
БАЧКИ	s	0.5
БАШЛИ	s	0.5
БОННА	s	0.5
ВАРАН	s	0.5
ВИДАК	s	0.5
ВИНИЛ	s	0.5
ВОЛАН	s	0.5
ВЫГУЛ	s	0.5
ГРЕЧА	s	0.5
ГУМУС	s	0.5
ДЕДКА	s	0.5
ДЕРЕН	s	0.5
ДЕФИС	s	0.5
ДИНАР	s	0.5
ДИНГО	s	0.5
ДОКЕР	s	0.5
ДРАЖЕ	s	0.5
ДРУИД	s	0.5
ДУВАЛ	s	0.5
ДУКАТ	s	0.5
ЖЕРЕХ	s	0.5
ЗАЛОМ	s	0.5
ЗЕФИР	s	0.5
ЗУБИК	s	0.5
ЗЯТЕК	s	0.5
ИЗМОР	s	0.5
ИРМОС	s	0.5
КАЛЫМ	s	0.5
КАРЛА	s	0.5
КАТЕТ	s	0.5
КИБУЦ	s	0.5
КИЗЯК	s	0.5
КНЕХТ	s	0.5
КОДОН	s	0.5
КОЙОТ	s	0.5
КОЛЛИ	s	0.5
КОНКА	s	0.5
КОФЕЙ	s	0.5
КОФИЙ	s	0.5
КУБЛО	s	0.5
КУТЬЯ	s	0.5
ЛЕТОК	s	0.5
ЛИВЕР	s	0.5
ЛОХМЫ	s	0.5
ЛОШАК	s	0.5
ЛЫЧКА	s	0.5
МАЕТА	s	0.5
МАНКА	s	0.5
МАТЮГ	s	0.5
МЕЗОН	s	0.5
НАВАЛ	s	0.5
НАМАЗ	s	0.5
НАТЕК	s	0.5
НАЧЕС	s	0.5
НИЩАЯ	s	0.5
НОСКА	s	0.5
НЫТИК	s	0.5
ОБМЕР	s	0.5
ОПАРА	s	0.5
ОПИАТ	s	0.5
ОФОРТ	s	0.5
ПАЛАШ	s	0.5
ПАПИК	s	0.5
ПАРША	s	0.5
ПЕДИК	s	0.5
ПЕМЗА	s	0.5
ПЕРЕД	s	0.5
ПЛЕБС	s	0.5
ПУРИМ	s	0.5
ПЫРЕЙ	s	0.5
РАДЖА	s	0.5
РАЗИК	s	0.5
РАЗОР	s	0.5
РАПИД	s	0.5
РЕЗУС	s	0.5
РОГОЗ	s	0.5
РОЖКИ	s	0.5
РОКАН	s	0.5
РОНДО	s	0.5
РЫНДА	s	0.5
РЫСЦА	s	0.5
САЛУН	s	0.5
СВИНГ	s	0.5
СЕМИТ	s	0.5
СИЕНА	s	0.5
СИТРО	s	0.5
СКВОШ	s	0.5
СКУНС	s	0.5
СМОЛЬ	s	0.5
СОВКА	s	0.5
СОЛОД	s	0.5
СПЛИН	s	0.5
СТАНС	s	0.5
СТОИК	s	0.5
СУДОК	s	0.5
СУСЕК	s	0.5
СХИМА	s	0.5
ТАЙКА	s	0.5
ТОПОС	s	0.5
ТОРИЙ	s	0.5
ТОТЕМ	s	0.5
ТРАСТ	s	0.5
ТРЕЙД	s	0.5
ТУЛЯК	s	0.5
ТЯПКА	s	0.5
УМОРА	s	0.5
УЧХОЗ	s	0.5
ФАЛДА	s	0.5
ФИЛЕР	s	0.5
ФИЛОН	s	0.5
ХИНДИ	s	0.5
ХОРАЛ	s	0.5
ХОРДА	s	0.5
ХРЯПА	s	0.5
ЦИГУН	s	0.5
ЦУКАТ	s	0.5
ЦЫПКА	s	0.5
ЧЕШКА	s	0.5
ЧИРЕЙ	s	0.5
ЧУВАЛ	s	0.5
ЧУМАК	s	0.5
ШАШНИ	s	0.5
ШЕЛОМ	s	0.5
ШИБЕР	s	0.5
ШУМЕР	s	0.5
ЩИПОК	s	0.5
ЭКЗОТ	s	0.5
АГУША	s	0.4
АКСОН	s	0.4
АКТОР	s	0.4
АЛЕУТ	s	0.4
АНЧАР	s	0.4
БАТЫР	s	0.4
БИТОК	s	0.4
БРЕЙК	s	0.4
БУТАН	s	0.4
БЫЛЬЕ	s	0.4
БЬЮИК	s	0.4
ВИСЯК	s	0.4
ВОРОГ	s	0.4
ГЕНЕЗ	s	0.4
ГЖЕЛЬ	s	0.4
ГОЛЕЦ	s	0.4
ГУРИЯ	s	0.4
ГУСИК	s	0.4
ДАРТС	s	0.4
ДЕРМА	s	0.4
ДОНКА	s	0.4
ДРОГА	s	0.4
ДРОФА	s	0.4
ДУРКА	s	0.4
ДУТЬЕ	s	0.4
ЕЛАНЬ	s	0.4
ЕРШИК	s	0.4
ЖАТКА	s	0.4
ЖИЗНЯ	s	0.4
ЗАКУТ	s	0.4
ЗАПЕВ	s	0.4
ЗЕМЕЦ	s	0.4
ЗУЛУС	s	0.4
ИСПОД	s	0.4
КАГАЛ	s	0.4
КАНОЭ	s	0.4
КАПОР	s	0.4
КАРДА	s	0.4
КИЧКА	s	0.4
КЛУША	s	0.4
КОАЛА	s	0.4
КРАФТ	s	0.4
ЛАССО	s	0.4
ЛЕГАТ	s	0.4
ЛИТИЯ	s	0.4
ЛЮПИН	s	0.4
ЛЮЧОК	s	0.4
ЛЯРВА	s	0.4
МАКСИ	s	0.4
МАМАН	s	0.4
МАНОК	s	0.4
МАТЮК	s	0.4
МЕДОК	s	0.4
МЕТИЗ	s	0.4
МИЛЫЙ	s	0.4
МИТОЗ	s	0.4
МОХЕР	s	0.4
МОШНА	s	0.4
МЯСЦО	s	0.4
НАЛИВ	s	0.4
НАЯДА	s	0.4
НЕУЮТ	s	0.4
НЕЧЕТ	s	0.4
ОНИКС	s	0.4
ПАДУБ	s	0.4
ПАКЕР	s	0.4
ПАМПА	s	0.4
ПАННА	s	0.4
ПАРЕЗ	s	0.4
ПАТЕР	s	0.4
ПЕРСИ	s	0.4
ПЕТИТ	s	0.4
ПИЖМА	s	0.4
ПИРИТ	s	0.4
ПРАЩА	s	0.4
ПУЗАН	s	0.4
РАЦИО	s	0.4
РДЕСТ	s	0.4
РЕГБИ	s	0.4
РЕЗАК	s	0.4
РУМБА	s	0.4
РЯШКА	s	0.4
САЙГА	s	0.4
САЙРА	s	0.4
САМБА	s	0.4
САТИР	s	0.4
СДОБА	s	0.4
СЕРСО	s	0.4
СИВКА	s	0.4
СИНГЛ	s	0.4
СНОСИ	s	0.4
СОМИК	s	0.4
СТРУГ	s	0.4
СУФИЙ	s	0.4
СУФЛЕ	s	0.4
ТАЛЕС	s	0.4
ТАЛЬК	s	0.4
ТАНИН	s	0.4
ТЕРЕЦ	s	0.4
ТИМУС	s	0.4
ТОМИЧ	s	0.4
ТУБУС	s	0.4
УХАРЬ	s	0.4
УШИЦА	s	0.4
ФАНЗА	s	0.4
ФАРСИ	s	0.4
ФИБРА	s	0.4
ФИОРД	s	0.4
ФРУНТ	s	0.4
ФУЭТЕ	s	0.4
ФЬОРД	s	0.4
ХАЙЛО	s	0.4
ХАМКА	s	0.4
ХАСИД	s	0.4
ХМАРЬ	s	0.4
ЦАРЕК	s	0.4
ЦЕЗИЙ	s	0.4
ЧЕКАН	s	0.4
ЧИБИС	s	0.4
ЧУБУК	s	0.4
ШАФЕР	s	0.4
ЩЕЛОК	s	0.4
ЭВЕНК	s	0.4
ЯБЕДА	s	0.4
ЯМИНА	s	0.4
АБАКА	s	0
АБЦУГ	s	0
АБШИД	s	0
АВГИТ	s	0
АВГУР	s	0
АВИЗО	s	0
АВОСЬ	s	0
АВТОЛ	s	0
АГАВА	s	0
АГАМА	s	0
АГАМИ	s	0
АГНАТ	s	0
АГРАФ	s	0
АДРЯС	s	0
АЖГОН	s	0
АЙВАН	s	0
АЙМАК	s	0
АЙРАН	s	0
АЙСОР	s	0
АКАЖУ	s	0
АКАНТ	s	0
АЛАРМ	s	0
АЛТЕЙ	s	0
АЛЧБА	s	0
АМБРА	s	0
АМБРЕ	s	0
АМИНЬ	s	0
АНКЕР	s	0
АНТИК	s	0
АНТРЕ	s	0
АНШЕФ	s	0
АПОРТ	s	0
АПРОШ	s	0
АРЕКА	s	0
АРХАР	s	0
АСТАТ	s	0
АСЦИТ	s	0
АТТИК	s	0
АЭРОБ	s	0
АЭРОН	s	0
БАБЬЕ	s	0
БАГГИ	s	0
БАДАН	s	0
БАЙГА	s	0
БАКАН	s	0
БАКУН	s	0
БАЛОК	s	0
БАРЕЖ	s	0
БАРИТ	s	0
БАРИЧ	s	0
БАРМЫ	s	0
БАСКА	s	0
БАСМА	s	0
БАСНЬ	s	0
БАСОН	s	0
БАТАТ	s	0
БАХТА	s	0
БЕЗИК	s	0
БЕЙКА	s	0
БЕКАР	s	0
БЕКАС	s	0
БЕЛЕК	s	0
БЕЛЕЦ	s	0
БЕЛЯШ	s	0
БЕРДО	s	0
БИЛЛЬ	s	0
БИРЮЧ	s	0
БЛАТО	s	0
БЛИЗЬ	s	0
БЛИНТ	s	0
БОБОК	s	0
БОДЯК	s	0
БОЖБА	s	0
БОНМО	s	0
БОРЕЙ	s	0
БОРТЬ	s	0
БОЧАГ	s	0
БОЧАР	s	0
БРАВО	s	0
БРАДА	s	0
БРИКА	s	0
БРИЛЬ	s	0
БРИТТ	s	0
БРЫЖИ	s	0
БРЫЛА	s	0
БУБОН	s	0
БУДРА	s	0
БУДЯК	s	0
БУКАН	s	0
БУКЛЕ	s	0
БУКСА	s	0
БУЛГА	s	0
БУЛЛА	s	0
БУРАВ	s	0
БУРАТ	s	0
БУРСА	s	0
БУТУЗ	s	0
БЫЛКА	s	0
БЫТЬЕ	s	0
БЮВАР	s	0
БЮВЕТ	s	0
БЮКСА	s	0
ВАБИК	s	0
ВАЛАХ	s	0
ВАЛЕЖ	s	0
ВАЛЕР	s	0
ВАЛЕЦ	s	0
ВАЛУХ	s	0
ВАНТА	s	0
ВАРОК	s	0
ВАТИН	s	0
ВЕДУН	s	0
ВЕЖДА	s	0
ВЕКША	s	0
ВЕЛЮР	s	0
ВЕРВЬ	s	0
ВЕРЕД	s	0
ВЕРЕС	s	0
ВЕРКИ	s	0
ВЕРША	s	0
ВЕСОК	s	0
ВЕЩУН	s	0
ВЗБЕГ	s	0
ВЗВАР	s	0
ВЗМЕТ	s	0
ВЗМЫВ	s	0
ВЗРЕЗ	s	0
ВЗРЫД	s	0
ВЗЫСК	s	0
ВИЗАЖ	s	0
ВИЗИР	s	0
ВИЛОК	s	0
ВИРША	s	0
ВИТИЯ	s	0
ВИТЬЕ	s	0
ВЛАСЫ	s	0
ВНУКА	s	0
ВОЗИК	s	0
ВОЗКА	s	0
ВОЛГА	s	0
ВОТЯК	s	0
ВОШКА	s	0
ВПУСК	s	0
ВРУША	s	0
ВСПЫХ	s	0
ВСХОД	s	0
ВЧЕРА	s	0
ВЫБОЙ	s	0
ВЫВАЛ	s	0
ВЫВЕС	s	0
ВЫГАР	s	0
ВЫГИБ	s	0
ВЫДУВ	s	0
ВЫЖИГ	s	0
ВЫЖИМ	s	0
ВЫКАТ	s	0
ВЫКОЛ	s	0
ВЫКОС	s	0
ВЫКУС	s	0
ВЫЛАЗ	s	0
ВЫЛОМ	s	0
ВЫМАХ	s	0
ВЫМОР	s	0
ВЫПАЛ	s	0
ВЫПАР	s	0
ВЫПОР	s	0
ВЫПОТ	s	0
ВЫРУБ	s	0
ВЫТЬЕ	s	0
ВЯЗОК	s	0
ВЯТКА	s	0
ГАВОТ	s	0
ГАГАТ	s	0
ГАЗОК	s	0
ГАНЕЦ	s	0
ГАНЗА	s	0
ГАНКА	s	0
ГАРДА	s	0
ГАРУС	s	0
ГЕММА	s	0
ГЕРМА	s	0
ГЕТРА	s	0
ГИБКА	s	0
ГИЛЯК	s	0
ГИНЕЯ	s	0
ГИПЮР	s	0
ГИРЛО	s	0
ГИТАН	s	0
ГИТОВ	s	0
ГИЧКА	s	0
ГЛЯСЕ	s	0
ГНЕЙС	s	0
ГНОМА	s	0
ГНУСЬ	s	0
ГОЛИК	s	0
ГОЛЬД	s	0
ГОЛЬЕ	s	0
ГОЛЯК	s	0
ГОРНО	s	0
ГОРЮН	s	0
ГОФРЕ	s	0
ГРАВЕ	s	0
ГРАНД	s	0
ГРЕБЬ	s	0
ГРЕНА	s	0
ГРИДЬ	s	0
ГРОЗД	s	0
ГУАНО	s	0
ГУБАН	s	0
ГУГНЯ	s	0
ГУЖИК	s	0
ГУЗКА	s	0
ГУЗНО	s	0
ГУММА	s	0
ГУММИ	s	0
ГУРАН	s	0
ГУРДА	s	0
ГУСЕК	s	0
ГУСИТ	s	0
ГУЦУЛ	s	0
ГЮРЗА	s	0
ДАДАН	s	0
ДЕВОН	s	0
ДЕЖКА	s	0
ДЕИЗМ	s	0
ДЕИСТ	s	0
ДЕМОС	s	0
ДЕРТЬ	s	0
ДЕСТЬ	s	0
ДЕТВА	s	0
ДЖИГА	s	0
ДЗЕТА	s	0
ДИАНА	s	0
ДИКАЯ	s	0
ДОБОР	s	0
ДОЖИМ	s	0
ДОЙНА	s	0
ДОЙРА	s	0
ДОМЕК	s	0
ДОМЕР	s	0
ДОМРА	s	0
ДОНЦЕ	s	0
ДОНЬЯ	s	0
ДОРКА	s	0
ДОСЕВ	s	0
ДОСОЛ	s	0
ДОСЫЛ	s	0
ДОФИН	s	0
ДОШКА	s	0
ДРАГА	s	0
ДРАНЬ	s	0
ДРЕНА	s	0
ДРУЗА	s	0
ДУБЕЦ	s	0
ДУБКА	s	0
ДУБЬЕ	s	0
ДУДАК	s	0
ДУДУК	s	0
ДУНЕЦ	s	0
ДУНИТ	s	0
ДУНСТ	s	0
ДУРРА	s	0
ДУРРО	s	0
ДУТАР	s	0
ДУТИК	s	0
ДУТЫШ	s	0
ДУХАН	s	0
ДЩЕРЬ	s	0
ДЮБЕК	s	0
ДЮКЕР	s	0
ДЮШЕС	s	0
ЕГОЗА	s	0
ЕЖИХА	s	0
ЕЗДКА	s	0
ЕЛИНА	s	0
ЕМЕЛЯ	s	0
ЕРНИК	s	0
ЕРНИК	s	0
ЕХИДА	s	0
ЖАКАН	s	0
ЖАКОБ	s	0
ЖАМКА	s	0
ЖАРОК	s	0
ЖЕВОК	s	0
ЖЕЛНА	s	0
ЖЕЛТЬ	s	0
ЖЕОДА	s	0
ЖИВЬЕ	s	0
ЖМЕНЯ	s	0
ЖНИВА	s	0
ЖНИВО	s	0
ЖНИЦА	s	0
ЖУЛАН	s	0
ЖУПАН	s	0
ЖУРКА	s	0
ЗАДИК	s	0
ЗАЕДА	s	0
ЗАЖИН	s	0
ЗАЖОР	s	0
ЗАЗЫВ	s	0
ЗАКАЛ	s	0
ЗАКОЛ	s	0
ЗАКУП	s	0
ЗАЛЕТ	s	0
ЗАЛИЗ	s	0
ЗАМЕТ	s	0
ЗАМОР	s	0
ЗАПОН	s	0
ЗАРОД	s	0
ЗАСЕВ	s	0
ЗАСОЛ	s	0
ЗАСОС	s	0
ЗАСЫЛ	s	0
ЗАТЕК	s	0
ЗАТЕС	s	0
ЗАТОК	s	0
ЗАЦЕП	s	0
ЗАЧЕС	s	0
ЗАЩИП	s	0
ЗВЕНЬ	s	0
ЗЕЛЬЦ	s	0
ЗЕРНЬ	s	0
ЗЛЮКА	s	0
ЗОБИК	s	0
ЗОЛКА	s	0
ЗРАЗА	s	0
ЗУРНА	s	0
ЗЫБУН	s	0
ЗЯТИК	s	0
ИВАСИ	s	0
ИВИНА	s	0
ИГИЛЬ	s	0
ИГРУН	s	0
ИДИОМ	s	0
ИЖИЦА	s	0
ИЗБАЧ	s	0
ИЗВЕТ	s	0
ИЗВОД	s	0
ИЗМОЛ	s	0
ИЗЮБР	s	0
ИЛЬКА	s	0
ИЛЬМА	s	0
ИНВАР	s	0
ИНДИЙ	s	0
ИНОКА	s	0
ИНУЛА	s	0
ИОНИЯ	s	0
ИПРИТ	s	0
ИРБИС	s	0
ИССОП	s	0
ИСТОД	s	0
ИШИАС	s	0
КАБИЛ	s	0
КАБУЛ	s	0
КАВУН	s	0
КАГАН	s	0
КАГАТ	s	0
КАДИЙ	s	0
КАЙЕН	s	0
КАЙЛА	s	0
КАЙРА	s	0
КАЛАН	s	0
КАЛИФ	s	0
КАЛЛА	s	0
КАМАС	s	0
КАМКА	s	0
КАМСА	s	0
КАМУС	s	0
КАМЧА	s	0
КАНЮК	s	0
КАПЕР	s	0
КАПОК	s	0
КАРИБ	s	0
КАРСТ	s	0
КАТЫШ	s	0
КАЦАП	s	0
КЕГЛЬ	s	0
КЕГЛЯ	s	0
КЕКУР	s	0
КЕНАР	s	0
КЕНАФ	s	0
КИВЕР	s	0
КИЗИЛ	s	0
КИНИК	s	0
КИПЕР	s	0
КИРЗА	s	0
КИФОЗ	s	0
КЛАКА	s	0
КЛЕКТ	s	0
КЛИПС	s	0
КЛУПП	s	0
КНЕЛЬ	s	0
КНИКС	s	0
КНИЦА	s	0
КОБЗА	s	0
КОБЫЗ	s	0
КОВАЧ	s	0
КОЖАН	s	0
КОЖЬЕ	s	0
КОЗНЬ	s	0
КОЗОН	s	0
КОЙНЕ	s	0
КОКЕТ	s	0
КОКОР	s	0
КОЛЕТ	s	0
КОЛИК	s	0
КОЛИТ	s	0
КОЛКА	s	0
КОЛОБ	s	0
КОЛОН	s	0
КОЛЧА	s	0
КОММИ	s	0
КОНИК	s	0
КОПАЛ	s	0
КОПАЧ	s	0
КОПЕР	s	0
КОПИР	s	0
КОПКА	s	0
КОПРА	s	0
КОПУН	s	0
КОПЫЛ	s	0
КОРДА	s	0
КОРЧЬ	s	0
КОРЬЕ	s	0
КОРЯК	s	0
КОСАЧ	s	0
КОСЕЦ	s	0
КОСОК	s	0
КОСЬЕ	s	0
КОТОК	s	0
КОЧЕТ	s	0
КОЩЕЙ	s	0
КРАПП	s	0
КРЕОЛ	s	0
КРИЛЬ	s	0
КРИЦА	s	0
КРОАТ	s	0
КРОКИ	s	0
КРОШЕ	s	0
КРУТЬ	s	0
КРУЧЬ	s	0
КУДЛЫ	s	0
КУКАН	s	0
КУКША	s	0
КУЛАН	s	0
КУМЖА	s	0
КУМЫК	s	0
КУНАК	s	0
КУПАЖ	s	0
КУРАЙ	s	0
КУРЕЦ	s	0
КУРИЯ	s	0
КУРКА	s	0
КУТАС	s	0
КУТОК	s	0
КУТУМ	s	0
КУХВА	s	0
КУХТА	s	0
КХМЕР	s	0
КЮРИЙ	s	0
КЮРИН	s	0
ЛАБЕТ	s	0
ЛАГУН	s	0
ЛАЗЕЯ	s	0
ЛАЗКА	s	0
ЛАЗОК	s	0
ЛАЙБА	s	0
ЛАЙДА	s	0
ЛАМУТ	s	0
ЛАНДЫ	s	0
ЛАНКА	s	0
ЛАРГО	s	0
ЛАТКА	s	0
ЛАТУК	s	0
ЛАФИТ	s	0
ЛАЧКА	s	0
ЛБИНА	s	0
ЛБИЩЕ	s	0
ЛЕГАШ	s	0
ЛЕМЕШ	s	0
ЛЕМУР	s	0
ЛЕНТО	s	0
ЛЕПРА	s	0
ЛЕРКА	s	0
ЛЕТКА	s	0
ЛЕШАК	s	0
ЛЕЩИК	s	0
ЛИВАН	s	0
ЛИЗИН	s	0
ЛИЗИС	s	0
ЛИЗОЛ	s	0
ЛИЗУН	s	0
ЛИЛЕЯ	s	0
ЛИНЕК	s	0
ЛИПЕЦ	s	0
ЛИПСИ	s	0
ЛИСКА	s	0
ЛИТВА	s	0
ЛИТКА	s	0
ЛОБАН	s	0
ЛОЖОК	s	0
ЛОНЖА	s	0
ЛУЗГА	s	0
ЛУНИТ	s	0
ЛУПКА	s	0
ЛЫСУН	s	0
ЛЫТКА	s	0
ЛЫЧКО	s	0
ЛЬЯЛО	s	0
ЛЮБКА	s	0
ЛЮНЕТ	s	0
ЛЮПУС	s	0
ЛЮРИК	s	0
ЛЮФФА	s	0
ЛЯГВА	s	0
ЛЯПИС	s	0
ЛЯССЕ	s	0
ЛЯШКА	s	0
МАГИК	s	0
МАЗАР	s	0
МАЗЕР	s	0
МАЗИК	s	0
МАЗКА	s	0
МАЗЛО	s	0
МАЗУР	s	0
МАЙЕР	s	0
МАЙНА	s	0
МАКАО	s	0
МАКСА	s	0
МАЛИК	s	0
МАЛКА	s	0
МАЛЬЕ	s	0
МАМБО	s	0
МАНИЕ	s	0
МАНКО	s	0
МАНУЛ	s	0
МАОРИ	s	0
МАРАН	s	0
МАРГО	s	0
МАХАН	s	0
МЕЗГА	s	0
МЕККА	s	0
МЕЛОС	s	0
МЕНКА	s	0
МЕТИЛ	s	0
МЕТОЛ	s	0
МЕЦЦО	s	0
МИГАЧ	s	0
МИКСТ	s	0
МИЛЬТ	s	0
МИМИК	s	0
МИОМА	s	0
МИРАБ	s	0
МИРЗА	s	0
МИРОН	s	0
МИРТА	s	0
МИШКА	s	0
МИШУК	s	0
МЛЕКО	s	0
МОГАР	s	0
МОГОЛ	s	0
МОДИЙ	s	0
МОЙВА	s	0
МОЙРА	s	0
МОККО	s	0
МОКОЙ	s	0
МОКША	s	0
МОЛВЬ	s	0
МОЛКА	s	0
МОЛЯН	s	0
МОЛЯР	s	0
МОРЦО	s	0
МОТЕТ	s	0
МОТКА	s	0
МОТНЯ	s	0
МОТТО	s	0
МОХНА	s	0
МОХНЫ	s	0
МУАРЕ	s	0
МУЗГА	s	0
МУМИЕ	s	0
МУРЗА	s	0
МУРИН	s	0
МУРЬЯ	s	0
МУТОН	s	0
МУФТИ	s	0
МУЦИН	s	0
МУЧКА	s	0
МУШАР	s	0
МЫСИК	s	0
МЫЧКА	s	0
МЫШЕЙ	s	0
МЮЗЕТ	s	0
МЮРИД	s	0
МЯЛКА	s	0
МЯМЛЯ	s	0
МЯНДА	s	0
МЯТЬЕ	s	0
НАБОБ	s	0
НАВИС	s	0
НАВОЙ	s	0
НАГИБ	s	0
НАГОН	s	0
НАГУЛ	s	0
НАДИР	s	0
НАДУВ	s	0
НАЖИГ	s	0
НАЖИН	s	0
НАЗЕМ	s	0
НАКОЛ	s	0
НАКРА	s	0
НАЛЕП	s	0
НАЛОЙ	s	0
НАМЕТ	s	0
НАМИН	s	0
НАМОЛ	s	0
НАМЫВ	s	0
НАНДУ	s	0
НАНКА	s	0
НАНОС	s	0
НАПОЙ	s	0
НАРЕЗ	s	0
НАСАД	s	0
НАСЫП	s	0
НАТЕС	s	0
НАТЯГ	s	0
НАФТА	s	0
НАХОД	s	0
НАЧЕТ	s	0
НАЧИН	s	0
НЕВЕР	s	0
НЕГУС	s	0
НЕМАЯ	s	0
НЕНКА	s	0
НЕРКА	s	0
НЕТЯГ	s	0
НИВКА	s	0
НИЗКА	s	0
НИЗОК	s	0
НИЛОТ	s	0
НОВИК	s	0
НОЙОН	s	0
НОМАД	s	0
НОНЕТ	s	0
НОРИЯ	s	0
НОСАЧ	s	0
НОТИС	s	0
НУДГА	s	0
НУКЕР	s	0
НУЛИК	s	0
НЫРЕЦ	s	0
ОБВЕС	s	0
ОБВОЗ	s	0
ОБДЕЛ	s	0
ОБДИР	s	0
ОБДУВ	s	0
ОБЖИМ	s	0
ОБЖИН	s	0
ОБЖОГ	s	0
ОБКАТ	s	0
ОБКОС	s	0
ОБЛОВ	s	0
ОБЛОГ	s	0
ОБМЕТ	s	0
ОБМИН	s	0
ОБМОЛ	s	0
ОБМЫВ	s	0
ОБНОС	s	0
ОБОДЬ	s	0
ОБРАТ	s	0
ОБРУБ	s	0
ОБСЕВ	s	0
ОБЧЕТ	s	0
ОВСЕЦ	s	0
ОВСЮГ	s	0
ОВЧАР	s	0
ОЖИНА	s	0
ОЗИМЬ	s	0
ОЙРОТ	s	0
ОКИЯН	s	0
ОКРОЛ	s	0
ОКТЕТ	s	0
ОЛЕИН	s	0
ОЛЕУМ	s	0
ОЛИМП	s	0
ОНАГР	s	0
ОНУЧА	s	0
ОПЛЫВ	s	0
ОПОЕК	s	0
ОПОКА	s	0
ОПТИК	s	0
ОРАЛА	s	0
ОРАЛО	s	0
ОРАРЬ	s	0
ОРЖАД	s	0
ОРКАН	s	0
ОРЛАН	s	0
ОРЛЕЦ	s	0
ОРЛИК	s	0
ОРЛЯК	s	0
ОРШАД	s	0
ОСЛЯК	s	0
ОСМИЙ	s	0
ОСМОЛ	s	0
ОСМОС	s	0
ОСОЕД	s	0
ОСТИТ	s	0
ОСТЮК	s	0
ОСТЯК	s	0
ОТАВА	s	0
ОТБИВ	s	0
ОТВОЗ	s	0
ОТГИБ	s	0
ОТГОН	s	0
ОТДУХ	s	0
ОТЗОЛ	s	0
ОТКОЛ	s	0
ОТКУС	s	0
ОТЛОГ	s	0
ОТЛУП	s	0
ОТМАХ	s	0
ОТМОЛ	s	0
ОТНОС	s	0
ОТПАЛ	s	0
ОТРУБ	s	0
ОТСОС	s	0
ОТЦЕП	s	0
ОТЧАЛ	s	0
ОФЕНЯ	s	0
ОФСЕТ	s	0
ОШЕЕК	s	0
ОШКУЙ	s	0
ПАДОГ	s	0
ПАДУН	s	0
ПАЙВА	s	0
ПАЙЗА	s	0
ПАЛЕХ	s	0
ПАЛЕЯ	s	0
ПАЛИЯ	s	0
ПАЛУБ	s	0
ПАНАШ	s	0
ПАНЕР	s	0
ПАНТЫ	s	0
ПАНЬЕ	s	0
ПАНЬЯ	s	0
ПАПАХ	s	0
ПАПЕЖ	s	0
ПАРАФ	s	0
ПАРКА	s	0
ПАРНЯ	s	0
ПАРУН	s	0
ПАСМА	s	0
ПАСМО	s	0
ПАСЮК	s	0
ПАТАН	s	0
ПАТУА	s	0
ПАХВИ	s	0
ПАХВЫ	s	0
ПАХИТ	s	0
ПАХТА	s	0
ПАЯЛО	s	0
ПЕВУН	s	0
ПЕГАШ	s	0
ПЕКАН	s	0
ПЕННИ	s	0
ПЕРГА	s	0
ПЕРКА	s	0
ПЕРЛО	s	0
ПЕРЬЕ	s	0
ПЕШЕЦ	s	0
ПЕЩЕР	s	0
ПЕЩУР	s	0
ПИАНО	s	0
ПИГУС	s	0
ПИИТА	s	0
ПИКАН	s	0
ПИКЕР	s	0
ПИКОН	s	0
ПИКША	s	0
ПИЛАВ	s	0
ПИЛАТ	s	0
ПИНИЯ	s	0
ПИННА	s	0
ПИНТА	s	0
ПИПКА	s	0
ПИРКЕ	s	0
ПИРОК	s	0
ПИРОП	s	0
ПИТОК	s	0
ПИФОС	s	0
ПИЩИК	s	0
ПЛАВЬ	s	0
ПЛАУН	s	0
ПЛЕНА	s	0
ПЛЕСО	s	0
ПЛИЦА	s	0
ПЛОХО	s	0
ПНИЩЕ	s	0
ПОВАЛ	s	0
ПОВЕТ	s	0
ПОВОЙ	s	0
ПОГИБ	s	0
ПОДИЙ	s	0
ПОДОГ	s	0
ПОДОЙ	s	0
ПОЕДЬ	s	0
ПОЖНЯ	s	0
ПОЖОГ	s	0
ПОЗЕМ	s	0
ПОЗЕР	s	0
ПОЗЫК	s	0
ПОЙКА	s	0
ПОКАТ	s	0
ПОКУС	s	0
ПОЛБА	s	0
ПОЛОЙ	s	0
ПОЛОК	s	0
ПОЛОМ	s	0
ПОЛЯШ	s	0
ПОНЮХ	s	0
ПОПАС	s	0
ПОПИК	s	0
ПОРЕЙ	s	0
ПОРТО	s	0
ПОРУБ	s	0
ПОТАШ	s	0
ПОТИР	s	0
ПОТЯГ	s	0
ПРИОР	s	0
ПРОПС	s	0
ПРОУХ	s	0
ПРУСС	s	0
ПРЫСК	s	0
ПРЯХА	s	0
ПСАРЬ	s	0
ПСИЦА	s	0
ПСИШЕ	s	0
ПУДИК	s	0
ПУКЛЯ	s	0
ПУНЕЦ	s	0
ПУРИН	s	0
ПУРКА	s	0
ПУСТО	s	0
ПУТЕЦ	s	0
ПУТИК	s	0
ПУЧКА	s	0
ПЬЕЗА	s	0
ПЯЛКА	s	0
ПЯСТЬ	s	0
РАИНА	s	0
РАКИЯ	s	0
РАКША	s	0
РАНЕТ	s	0
РАСТР	s	0
РАТАЙ	s	0
РАТИН	s	0
РАФИЯ	s	0
РАЦЕЯ	s	0
РЕБАБ	s	0
РЕВУН	s	0
РЕДАН	s	0
РЕМЕЗ	s	0
РЕМИЗ	s	0
РЕНЕТ	s	0
РЕНИЙ	s	0
РЕПЕР	s	0
РЕПЬЕ	s	0
РЖАВЬ	s	0
РЖИЦА	s	0
РЖИЩЕ	s	0
РИЗКИ	s	0
РИНИТ	s	0
РИПУС	s	0
РИСКА	s	0
РИТОР	s	0
РИШТА	s	0
РОГАЧ	s	0
РОДИЙ	s	0
РОЖАК	s	0
РОЗАН	s	0
РОЙБА	s	0
РОЙКА	s	0
РОМЕЦ	s	0
РОМОК	s	0
РОМША	s	0
РОНЖА	s	0
РОПАК	s	0
РОСТР	s	0
РОТОК	s	0
РТИЩЕ	s	0
РУГНЯ	s	0
РУДЯК	s	0
РУИНА	s	0
РУСИН	s	0
РУТИЛ	s	0
РЫБЕЦ	s	0
РЫЖАК	s	0
РЮШКА	s	0
РЯБЕЦ	s	0
РЯБИК	s	0
РЯБОК	s	0
РЯСНА	s	0
СААМИ	s	0
САБАН	s	0
САБЕИ	s	0
САБЕЙ	s	0
САБЗА	s	0
САБУР	s	0
САГИБ	s	0
САДНО	s	0
САЙДА	s	0
САЙКА	s	0
САКВА	s	0
САЛМА	s	0
САЛОЛ	s	0
САЛОП	s	0
САМАН	s	0
САМУМ	s	0
САПКА	s	0
САПУН	s	0
САРЖА	s	0
САРЫЧ	s	0
СБОРА	s	0
СВИЛЬ	s	0
СВЯЗА	s	0
СЕВБА	s	0
СЕВОК	s	0
СЕЕВО	s	0
СЕЙИД	s	0
СЕЙША	s	0
СЕКАЧ	s	0
СЕЛИН	s	0
СЕНЦО	s	0
СЕПИЯ	s	0
СЕРКА	s	0
СЕРКО	s	0
СЕРНА	s	0
СЕРУМ	s	0
СЕУНЧ	s	0
СЕЧКА	s	0
СИАЛЬ	s	0
СИВАЯ	s	0
СИВЕР	s	0
СИВКО	s	0
СИВУЧ	s	0
СИГМА	s	0
СИЖОК	s	0
СИЗЯК	s	0
СИЛКА	s	0
СИЛОН	s	0
СИЛУР	s	0
СИЛЬФ	s	0
СИМКА	s	0
СИНАП	s	0
СИНЕЦ	s	0
СИНЯЯ	s	0
СИПАЙ	s	0
СИРЕН	s	0
СИРИН	s	0
СИСТР	s	0
СИТАР	s	0
СИТЦЕ	s	0
СКАЛО	s	0
СКАНЬ	s	0
СКАРН	s	0
СКАЧЬ	s	0
СКЕНА	s	0
СКЕПТ	s	0
СКЛИЗ	s	0
СКОПА	s	0
СКОРА	s	0
СКОРМ	s	0
СКРАП	s	0
СКРЕП	s	0
СКУДИ	s	0
СКУДО	s	0
СЛАНЬ	s	0
СЛУДА	s	0
СЛУКА	s	0
СМАЗЬ	s	0
СМУТЬ	s	0
СНЫТЬ	s	0
СОВИК	s	0
СОГДЫ	s	0
СОГРА	s	0
СОЙМА	s	0
СОЙОТ	s	0
СОЛЕЯ	s	0
СОЛКА	s	0
СОЛЯР	s	0
СОМЬЕ	s	0
СОПУН	s	0
СОРГО	s	0
СОРИТ	s	0
СОРОМ	s	0
СОРУС	s	0
СОСУН	s	0
СОХАЧ	s	0
СПУРТ	s	0
СТАРЬ	s	0
СТЕГА	s	0
СТЕКА	s	0
СТЕНЬ	s	0
СТЕПС	s	0
СТИЛО	s	0
СТУПЬ	s	0
СТЫДЬ	s	0
СТЫНЬ	s	0
СУАРЕ	s	0
СУЛЕЯ	s	0
СУЛОЙ	s	0
СУПЕР	s	0
СУПЕЦ	s	0
СУПИН	s	0
СУРЖА	s	0
СУРНА	s	0
СУСАК	s	0
СУСЛО	s	0
СУТАЖ	s	0
СЫПЕЦ	s	0
СЫРЕЦ	s	0
СЫРТЬ	s	0
СЫРЦА	s	0
СЫЧУГ	s	0
СЯБЕР	s	0
СЯЖОК	s	0
ТАВОТ	s	0
ТАГАН	s	0
ТАКЫР	s	0
ТАЛЕР	s	0
ТАЛИК	s	0
ТАЛЫШ	s	0
ТАНОК	s	0
ТАПИР	s	0
ТАРЫН	s	0
ТАСКА	s	0
ТАТКА	s	0
ТАФТА	s	0
ТАФЬЯ	s	0
ТАЦЕТ	s	0
ТАШКА	s	0
ТЕИЗМ	s	0
ТЕИСТ	s	0
ТЕНЕК	s	0
ТЕРМЫ	s	0
ТЕРНО	s	0
ТЕСКА	s	0
ТЕСЛО	s	0
ТЕУРГ	s	0
ТЕЧКА	s	0
ТЕШКА	s	0
ТИАРА	s	0
ТИГРА	s	0
ТИМОЛ	s	0
ТИПЕЦ	s	0
ТИПИК	s	0
ТИТЛО	s	0
ТИФОН	s	0
ТИФУС	s	0
ТЛЕНЬ	s	0
ТОДЕС	s	0
ТОЙОН	s	0
ТОКАЙ	s	0
ТОЛАЙ	s	0
ТОМАН	s	0
ТОНДО	s	0
ТОРИТ	s	0
ТОХАР	s	0
ТРАПП	s	0
ТРАСС	s	0
ТРЕФА	s	0
ТРИАС	s	0
ТРИЕР	s	0
ТРИОД	s	0
ТРОМП	s	0
ТУАЛЬ	s	0
ТУГАЙ	s	0
ТУГУН	s	0
ТУЗИК	s	0
ТУКАН	s	0
ТУЛЕС	s	0
ТУЛИЙ	s	0
ТУЛУЗ	s	0
ТУЛУК	s	0
ТУЛУН	s	0
ТУПЕЙ	s	0
ТУПЕЦ	s	0
ТУРАЧ	s	0
ТУТОР	s	0
ТУТТИ	s	0
ТЫНОК	s	0
ТЫРЛО	s	0
ТЫРСА	s	0
ТЮНИК	s	0
ТЮРБЕ	s	0
ТЮРБО	s	0
ТЮРИК	s	0
ТЮТЮН	s	0
ТЮЧОК	s	0
ТЯБЛО	s	0
ТЯГЛО	s	0
УБРОД	s	0
УБРУС	s	0
УВРАЖ	s	0
УГРЕВ	s	0
УДИЛО	s	0
УДЭГЕ	s	0
УДЭХЕ	s	0
УЗИНА	s	0
УЙГУР	s	0
УКЛЕЯ	s	0
УКРЮК	s	0
УЛЫБА	s	0
УМБРА	s	0
УМИЩЕ	s	0
УНИАТ	s	0
УНИКА	s	0
УНИОН	s	0
УРАЗА	s	0
УРЕМА	s	0
УРИНА	s	0
УРМАН	s	0
УСИНА	s	0
УСИЩЕ	s	0
УСКОК	s	0
УТИЦА	s	0
УХОЖЬ	s	0
УШКАН	s	0
УШКУЙ	s	0
УШНИК	s	0
ФАБРА	s	0
ФАВУС	s	0
ФАДОМ	s	0
ФАЗИС	s	0
ФАЛЬЦ	s	0
ФАРАД	s	0
ФАСЕТ	s	0
ФАСКА	s	0
ФАТУМ	s	0
ФАТЮЙ	s	0
ФАЦИЯ	s	0
ФЕЛОН	s	0
ФЕТЮК	s	0
ФИАКР	s	0
ФИЖМЫ	s	0
ФИЗИЯ	s	0
ФИЛЕЙ	s	0
ФИЛЬЦ	s	0
ФИМОЗ	s	0
ФИННА	s	0
ФИТИН	s	0
ФЛАНК	s	0
ФЛЕЙТ	s	0
ФЛЕЙЦ	s	0
ФЛЕШЬ	s	0
ФЛИНТ	s	0
ФОЛИО	s	0
ФОСКА	s	0
ФОФАН	s	0
ФРАХТ	s	0
ФУЗЕЯ	s	0
ФУКУС	s	0
ФУЛЯР	s	0
ФУРМА	s	0
ФУТЕР	s	0
ФУТОР	s	0
ХАДИС	s	0
ХАКАС	s	0
ХАЛДА	s	0
ХАМИТ	s	0
ХАМСА	s	0
ХАМЬЕ	s	0
ХАНША	s	0
ХАПУН	s	0
ХАШИШ	s	0
ХЕДЕР	s	0
ХЕДИВ	s	0
ХЕРИК	s	0
ХИАЗМ	s	0
ХИЛЯК	s	0
ХИНДУ	s	0
ХИНИН	s	0
ХИТИН	s	0
ХЛЕСТ	s	0
ХЛУПЬ	s	0
ХЛЮСТ	s	0
ХМАРА	s	0
ХМУРЬ	s	0
ХОДУН	s	0
ХОРЕЯ	s	0
ХРЯСК	s	0
ХРЯСТ	s	0
ХУРАЛ	s	0
ЦАДИК	s	0
ЦАНГА	s	0
ЦАПКА	s	0
ЦАПУН	s	0
ЦАПФА	s	0
ЦЕВКА	s	0
ЦЕХИН	s	0
ЦИКЛЯ	s	0
ЦИСТА	s	0
ЦИТРА	s	0
ЦУЦИК	s	0
ЦЫБИК	s	0
ЧАБЕР	s	0
ЧАБЕР	s	0
ЧАКАН	s	0
ЧАЛКА	s	0
ЧЕБАК	s	0
ЧЕБОТ	s	0
ЧЕМЕР	s	0
ЧЕПАН	s	0
ЧЕРВА	s	0
ЧЕРЕЗ	s	0
ЧЕРЕН	s	0
ЧЕСКА	s	0
ЧЕТКА	s	0
ЧЕЧЕТ	s	0
ЧИЖИК	s	0
ЧИЛИМ	s	0
ЧИНАР	s	0
ЧИНКА	s	0
ЧИРИК	s	0
ЧИРОК	s	0
ЧИРУС	s	0
ЧИРЯК	s	0
ЧОМГА	s	0
ЧРЕДА	s	0
ЧТИЦА	s	0
ЧУВЯК	s	0
ЧУЖАЯ	s	0
ЧУЙКА	s	0
ЧУРЕК	s	0
ЧУХНА	s	0
ШАБАТ	s	0
ШАБЕР	s	0
ШАБЕР	s	0
ШАБЛИ	s	0
ШАБОТ	s	0
ШАБУР	s	0
ШАЛОН	s	0
ШАМОТ	s	0
ШАНЕЦ	s	0
ШАНКР	s	0
ШАСЛА	s	0
ШАССЕ	s	0
ШАТИЯ	s	0
ШВАНК	s	0
ШВЕРТ	s	0
ШЕВРО	s	0
ШЕЛЕП	s	0
ШЕМАЯ	s	0
ШИЗИК	s	0
ШИИЗМ	s	0
ШИММИ	s	0
ШИНОК	s	0
ШИПОК	s	0
ШИПУН	s	0
ШИТВО	s	0
ШИТИК	s	0
ШИШАК	s	0
ШКЕРТ	s	0
ШЛИЦА	s	0
ШМОЛЬ	s	0
ШНЕКА	s	0
ШНЯВА	s	0
ШНЯКА	s	0
ШОРНЯ	s	0
ШПУЛЯ	s	0
ШПУНТ	s	0
ШПЫНЬ	s	0
ШРИМС	s	0
ШТЕЙН	s	0
ШТИФТ	s	0
ШТОСС	s	0
ШТРАБ	s	0
ШТЫКА	s	0
ШУГАЙ	s	0
ШУЙЦА	s	0
ШУРПА	s	0
ШУРЯК	s	0
ШУШУН	s	0
ЩЕКОТ	s	0
ЩЕПЬЕ	s	0
ЩЕРБА	s	0
ЩИПЕЦ	s	0
ЩИПКА	s	0
ЩИТИК	s	0
ЩУПИК	s	0
ЩУРКА	s	0
ЩУЧКА	s	0
ЭГРЕТ	s	0
ЭДИКТ	s	0
ЭММЕР	s	0
ЭНЗИМ	s	0
ЭОЛИТ	s	0
ЭПИКА	s	0
ЭПОНЖ	s	0
ЭСПРИ	s	0
ЭШАРП	s	0
ЮГРИЧ	s	0
ЮГУРТ	s	0
ЮЗИСТ	s	0
ЮКОЛА	s	0
ЮНИЦА	s	0
ЮНКОР	s	0
ЮРАГА	s	0
ЮФЕРС	s	0
ЯГЕЛЬ	s	0
ЯИШНЯ	s	0
ЯМИЩА	s	0
ЯРИЦА	s	0
ЯРУГА	s	0
ЯРЫГА	s	0
ЯСПИС	s	0
ЯСТВО	s	0
ЯСТЫК	s	0
ЯСЫРЬ	s	0
ЯТОВЬ	s	0
ЯХОНТ	s	0
КИНОА	s	0
СОКЕТ	s	0
